path,name,cisagov_name
/US FEDERAL GOVERNMENT,US FEDERAL GOVERNMENT,US FEDERAL GOVERNMENT
/US FEDERAL GOVERNMENT/[cisagov] American Battle Monuments Commission,[cisagov] American Battle Monuments Commission,American Battle Monuments Commission
/US FEDERAL GOVERNMENT/[cisagov] Appraisal Subcommittee,[cisagov] Appraisal Subcommittee,Appraisal Subcommittee
/US FEDERAL GOVERNMENT/[cisagov] Armed Forces Retirement Home,[cisagov] Armed Forces Retirement Home,Armed Forces Retirement Home
/US FEDERAL GOVERNMENT/[cisagov] Barry Goldwater Scholarship and Excellence in Education Foundation,[cisagov] Barry Goldwater Scholarship and Excellence in Education Foundation,Barry Goldwater Scholarship and Excellence in Education Foundation
/US FEDERAL GOVERNMENT/[cisagov] Central Intelligence Agency,[cisagov] Central Intelligence Agency,Central Intelligence Agency
/US FEDERAL GOVERNMENT/[cisagov] Commodity Futures Trading Commission,[cisagov] Commodity Futures Trading Commission,Commodity Futures Trading Commission
/US FEDERAL GOVERNMENT/[cisagov] Consumer Financial Protection Bureau,[cisagov] Consumer Financial Protection Bureau,Consumer Financial Protection Bureau
/US FEDERAL GOVERNMENT/[cisagov] Consumer Product Safety Commission,[cisagov] Consumer Product Safety Commission,Consumer Product Safety Commission
/US FEDERAL GOVERNMENT/[cisagov] Defense Nuclear Facilities Safety Board,[cisagov] Defense Nuclear Facilities Safety Board,Defense Nuclear Facilities Safety Board
/US FEDERAL GOVERNMENT/[cisagov] Delta Regional Authority,[cisagov] Delta Regional Authority,Delta Regional Authority
/US FEDERAL GOVERNMENT/[cisagov] Denali Commission,[cisagov] Denali Commission,Denali Commission
/US FEDERAL GOVERNMENT/[cisagov] Department of Defense,[cisagov] Department of Defense,Department of Defense
/US FEDERAL GOVERNMENT/[cisagov] Department of Housing and Urban Development,[cisagov] Department of Housing and Urban Development,Department of Housing and Urban Development
/US FEDERAL GOVERNMENT/[cisagov] Department of Veterans Affairs,[cisagov] Department of Veterans Affairs,Department of Veterans Affairs
/US FEDERAL GOVERNMENT/[cisagov] Department of the Interior,[cisagov] Department of the Interior,Department of the Interior
/US FEDERAL GOVERNMENT/[cisagov] Election Assistance Commission,[cisagov] Election Assistance Commission,Election Assistance Commission
/US FEDERAL GOVERNMENT/[cisagov] Environmental Protection Agency,[cisagov] Environmental Protection Agency,Environmental Protection Agency
/US FEDERAL GOVERNMENT/[cisagov] Executive Office of the President,[cisagov] Executive Office of the President,Executive Office of the President
/US FEDERAL GOVERNMENT/[cisagov] Federal Communications Commission,[cisagov] Federal Communications Commission,Federal Communications Commission
/US FEDERAL GOVERNMENT/[cisagov] Federal Deposit Insurance Corporation,[cisagov] Federal Deposit Insurance Corporation,Federal Deposit Insurance Corporation
/US FEDERAL GOVERNMENT/[cisagov] Federal Election Commission,[cisagov] Federal Election Commission,Federal Election Commission
/US FEDERAL GOVERNMENT/[cisagov] Federal Energy Regulatory Commission,[cisagov] Federal Energy Regulatory Commission,Federal Energy Regulatory Commission
/US FEDERAL GOVERNMENT/[cisagov] Federal Housing Finance Agency,[cisagov] Federal Housing Finance Agency,Federal Housing Finance Agency
/US FEDERAL GOVERNMENT/[cisagov] Federal Maritime Commission,[cisagov] Federal Maritime Commission,Federal Maritime Commission
/US FEDERAL GOVERNMENT/[cisagov] Federal Permitting Improvement Steering Council,[cisagov] Federal Permitting Improvement Steering Council,Federal Permitting Improvement Steering Council
/US FEDERAL GOVERNMENT/[cisagov] Federal Reserve Board of Governors,[cisagov] Federal Reserve Board of Governors,Federal Reserve Board of Governors
/US FEDERAL GOVERNMENT/[cisagov] General Services Administration,[cisagov] General Services Administration,General Services Administration
/US FEDERAL GOVERNMENT/[cisagov] Harry S. Truman Scholarship Foundation,[cisagov] Harry S. Truman Scholarship Foundation,Harry S. Truman Scholarship Foundation
/US FEDERAL GOVERNMENT/[cisagov] Inter-American Foundation,[cisagov] Inter-American Foundation,Inter-American Foundation
/US FEDERAL GOVERNMENT/[cisagov] James Madison Memorial Fellowship Foundation,[cisagov] James Madison Memorial Fellowship Foundation,James Madison Memorial Fellowship Foundation
/US FEDERAL GOVERNMENT/[cisagov] Japan-US Friendship Commission,[cisagov] Japan-US Friendship Commission,Japan-US Friendship Commission
/US FEDERAL GOVERNMENT/[cisagov] Legal Services Corporation,[cisagov] Legal Services Corporation,Legal Services Corporation
/US FEDERAL GOVERNMENT/[cisagov] Marine Mammal Commission,[cisagov] Marine Mammal Commission,Marine Mammal Commission
/US FEDERAL GOVERNMENT/[cisagov] Millennium Challenge Corporation,[cisagov] Millennium Challenge Corporation,Millennium Challenge Corporation
/US FEDERAL GOVERNMENT/[cisagov] National Archives and Records Administration,[cisagov] National Archives and Records Administration,National Archives and Records Administration
/US FEDERAL GOVERNMENT/[cisagov] National Capital Planning Commission,[cisagov] National Capital Planning Commission,National Capital Planning Commission
/US FEDERAL GOVERNMENT/[cisagov] National Council on Disability,[cisagov] National Council on Disability,National Council on Disability
/US FEDERAL GOVERNMENT/[cisagov] National Credit Union Administration,[cisagov] National Credit Union Administration,National Credit Union Administration
/US FEDERAL GOVERNMENT/[cisagov] National Labor Relations Board,[cisagov] National Labor Relations Board,National Labor Relations Board
/US FEDERAL GOVERNMENT/[cisagov] National Mediation Board,[cisagov] National Mediation Board,National Mediation Board
/US FEDERAL GOVERNMENT/[cisagov] National Science Foundation,[cisagov] National Science Foundation,National Science Foundation
/US FEDERAL GOVERNMENT/[cisagov] National Security Commission on Artificial Intelligence,[cisagov] National Security Commission on Artificial Intelligence,National Security Commission on Artificial Intelligence
/US FEDERAL GOVERNMENT/[cisagov] National Transportation Safety Board,[cisagov] National Transportation Safety Board,National Transportation Safety Board
/US FEDERAL GOVERNMENT/[cisagov] Northern Border Regional Commission,[cisagov] Northern Border Regional Commission,Northern Border Regional Commission
/US FEDERAL GOVERNMENT/[cisagov] Nuclear Regulatory Commission,[cisagov] Nuclear Regulatory Commission,Nuclear Regulatory Commission
/US FEDERAL GOVERNMENT/[cisagov] Occupational Safety & Health Review Commission,[cisagov] Occupational Safety & Health Review Commission,Occupational Safety & Health Review Commission
/US FEDERAL GOVERNMENT/[cisagov] Office of Government Ethics,[cisagov] Office of Government Ethics,Office of Government Ethics
/US FEDERAL GOVERNMENT/[cisagov] Postal Regulatory Commission,[cisagov] Postal Regulatory Commission,Postal Regulatory Commission
/US FEDERAL GOVERNMENT/[cisagov] Presidio Trust,[cisagov] Presidio Trust,Presidio Trust
/US FEDERAL GOVERNMENT/[cisagov] Selective Service System,[cisagov] Selective Service System,Selective Service System
/US FEDERAL GOVERNMENT/[cisagov] Smithsonian Institution,[cisagov] Smithsonian Institution,Smithsonian Institution
/US FEDERAL GOVERNMENT/[cisagov] Social Security Advisory Board,[cisagov] Social Security Advisory Board,Social Security Advisory Board
/US FEDERAL GOVERNMENT/[cisagov] Southeast Crescent Regional Commission,[cisagov] Southeast Crescent Regional Commission,Southeast Crescent Regional Commission
/US FEDERAL GOVERNMENT/[cisagov] State Justice Institute,[cisagov] State Justice Institute,State Justice Institute
/US FEDERAL GOVERNMENT/[cisagov] Surface Transportation Board,[cisagov] Surface Transportation Board,Surface Transportation Board
/US FEDERAL GOVERNMENT/[cisagov] The United States World War One Centennial Commission,[cisagov] The United States World War One Centennial Commission,The United States World War One Centennial Commission
/US FEDERAL GOVERNMENT/[cisagov] U.S. Agency for International Development,[cisagov] U.S. Agency for International Development,U.S. Agency for International Development
/US FEDERAL GOVERNMENT/[cisagov] United States Holocaust Memorial Museum,[cisagov] United States Holocaust Memorial Museum,United States Holocaust Memorial Museum
/US FEDERAL GOVERNMENT/[cisagov] United States Interagency Council on Homelessness,[cisagov] United States Interagency Council on Homelessness,United States Interagency Council on Homelessness
/US FEDERAL GOVERNMENT/[cisagov] U.S. Courts,[cisagov] U.S. Courts,U.S. Courts
/US FEDERAL GOVERNMENT/[cisagov] Architect of the Capitol,[cisagov] Architect of the Capitol,Architect of the Capitol
/US FEDERAL GOVERNMENT/[cisagov] Congressional Budget Office,[cisagov] Congressional Budget Office,Congressional Budget Office
/US FEDERAL GOVERNMENT/[cisagov] Cyberspace Solarium Commission,[cisagov] Cyberspace Solarium Commission,Cyberspace Solarium Commission
/US FEDERAL GOVERNMENT/[cisagov] Government Accountability Office,[cisagov] Government Accountability Office,Government Accountability Office
/US FEDERAL GOVERNMENT/[cisagov] Government Publishing Office,[cisagov] Government Publishing Office,Government Publishing Office
/US FEDERAL GOVERNMENT/[cisagov] Library of Congress,[cisagov] Library of Congress,Library of Congress
/US FEDERAL GOVERNMENT/[cisagov] Medicaid and CHIP Payment and Access Commission,[cisagov] Medicaid and CHIP Payment and Access Commission,Medicaid and CHIP Payment and Access Commission
/US FEDERAL GOVERNMENT/[cisagov] Office of Congressional Workplace Rights,[cisagov] Office of Congressional Workplace Rights,Office of Congressional Workplace Rights
/US FEDERAL GOVERNMENT/[cisagov] U.S. Capitol Police,[cisagov] U.S. Capitol Police,U.S. Capitol Police
/US FEDERAL GOVERNMENT/[cisagov] Western Hemisphere Drug Policy Commission,[cisagov] Western Hemisphere Drug Policy Commission,Western Hemisphere Drug Policy Commission
