path,name,opmgov_employment,opmgov_id,opmgov_name,opmgov_type
/US FEDERAL GOVERNMENT,US FEDERAL GOVERNMENT,,,US FEDERAL GOVERNMENT,
/US FEDERAL GOVERNMENT/[opmgov] DEPARTMENT OF ENERGY,[opmgov] DEPARTMENT OF ENERGY,16453,DEPARTMENT OF ENERGY,DEPARTMENT OF ENERGY,Cabinet Level Agencies
/US FEDERAL GOVERNMENT/[opmgov] DEPARTMENT OF STATE,[opmgov] DEPARTMENT OF STATE,11622,DEPARTMENT OF STATE,DEPARTMENT OF STATE,Cabinet Level Agencies
/US FEDERAL GOVERNMENT/[opmgov] NATIONAL CREDIT UNION ADMINISTRATION,[opmgov] NATIONAL CREDIT UNION ADMINISTRATION,1009,NATIONAL CREDIT UNION ADMINISTRATION,NATIONAL CREDIT UNION ADMINISTRATION,Large Independent Agencies (1000 or more employees)
/US FEDERAL GOVERNMENT/[opmgov] EQUAL EMPLOYMENT OPPORTUNITY COMMISSION,[opmgov] EQUAL EMPLOYMENT OPPORTUNITY COMMISSION,2388,EQUAL EMPLOYMENT OPPORTUNITY COMMISSION,EQUAL EMPLOYMENT OPPORTUNITY COMMISSION,Large Independent Agencies (1000 or more employees)
/US FEDERAL GOVERNMENT/[opmgov] ENVIRONMENTAL PROTECTION AGENCY,[opmgov] ENVIRONMENTAL PROTECTION AGENCY,18448,ENVIRONMENTAL PROTECTION AGENCY,ENVIRONMENTAL PROTECTION AGENCY,Large Independent Agencies (1000 or more employees)
/US FEDERAL GOVERNMENT/[opmgov] FEDERAL COMMUNICATIONS COMMISSION,[opmgov] FEDERAL COMMUNICATIONS COMMISSION,1890,FEDERAL COMMUNICATIONS COMMISSION,FEDERAL COMMUNICATIONS COMMISSION,Large Independent Agencies (1000 or more employees)
/US FEDERAL GOVERNMENT/[opmgov] FEDERAL DEPOSIT INSURANCE CORPORATION,[opmgov] FEDERAL DEPOSIT INSURANCE CORPORATION,6708,FEDERAL DEPOSIT INSURANCE CORPORATION,FEDERAL DEPOSIT INSURANCE CORPORATION,Large Independent Agencies (1000 or more employees)
/US FEDERAL GOVERNMENT/[opmgov] FEDERAL TRADE COMMISSION,[opmgov] FEDERAL TRADE COMMISSION,1121,FEDERAL TRADE COMMISSION,FEDERAL TRADE COMMISSION,Large Independent Agencies (1000 or more employees)
/US FEDERAL GOVERNMENT/[opmgov] BROADCASTING BOARD OF GOVERNORS,[opmgov] BROADCASTING BOARD OF GOVERNORS,1754,BROADCASTING BOARD OF GOVERNORS,BROADCASTING BOARD OF GOVERNORS,Large Independent Agencies (1000 or more employees)
/US FEDERAL GOVERNMENT/[opmgov] GOVERNMENT PRINTING OFFICE,[opmgov] GOVERNMENT PRINTING OFFICE,2309,GOVERNMENT PRINTING OFFICE,GOVERNMENT PRINTING OFFICE,Large Independent Agencies (1000 or more employees)
/US FEDERAL GOVERNMENT/[opmgov] NATIONAL SCIENCE FOUNDATION,[opmgov] NATIONAL SCIENCE FOUNDATION,1504,NATIONAL SCIENCE FOUNDATION,NATIONAL SCIENCE FOUNDATION,Large Independent Agencies (1000 or more employees)
/US FEDERAL GOVERNMENT/[opmgov] NATIONAL LABOR RELATIONS BOARD,[opmgov] NATIONAL LABOR RELATIONS BOARD,1663,NATIONAL LABOR RELATIONS BOARD,NATIONAL LABOR RELATIONS BOARD,Large Independent Agencies (1000 or more employees)
/US FEDERAL GOVERNMENT/[opmgov] NATIONAL ARCHIVES AND RECORDS ADMINISTRATION,[opmgov] NATIONAL ARCHIVES AND RECORDS ADMINISTRATION,3469,NATIONAL ARCHIVES AND RECORDS ADMINISTRATION,NATIONAL ARCHIVES AND RECORDS ADMINISTRATION,Large Independent Agencies (1000 or more employees)
/US FEDERAL GOVERNMENT/[opmgov] NUCLEAR REGULATORY COMMISSION,[opmgov] NUCLEAR REGULATORY COMMISSION,4161,NUCLEAR REGULATORY COMMISSION,NUCLEAR REGULATORY COMMISSION,Large Independent Agencies (1000 or more employees)
/US FEDERAL GOVERNMENT/[opmgov] OFFICE OF PERSONNEL MANAGEMENT,[opmgov] OFFICE OF PERSONNEL MANAGEMENT,5907,OFFICE OF PERSONNEL MANAGEMENT,OFFICE OF PERSONNEL MANAGEMENT,Large Independent Agencies (1000 or more employees)
/US FEDERAL GOVERNMENT/[opmgov] SMALL BUSINESS ADMINISTRATION,[opmgov] SMALL BUSINESS ADMINISTRATION,3877,SMALL BUSINESS ADMINISTRATION,SMALL BUSINESS ADMINISTRATION,Large Independent Agencies (1000 or more employees)
/US FEDERAL GOVERNMENT/[opmgov] SECURITIES AND EXCHANGE COMMISSION,[opmgov] SECURITIES AND EXCHANGE COMMISSION,3750,SECURITIES AND EXCHANGE COMMISSION,SECURITIES AND EXCHANGE COMMISSION,Large Independent Agencies (1000 or more employees)
/US FEDERAL GOVERNMENT/[opmgov] SOCIAL SECURITY ADMINISTRATION,[opmgov] SOCIAL SECURITY ADMINISTRATION,67486,SOCIAL SECURITY ADMINISTRATION,SOCIAL SECURITY ADMINISTRATION,Large Independent Agencies (1000 or more employees)
/US FEDERAL GOVERNMENT/[opmgov] FEDERAL LABOR RELATIONS AUTHORITY,[opmgov] FEDERAL LABOR RELATIONS AUTHORITY,134,FEDERAL LABOR RELATIONS AUTHORITY,FEDERAL LABOR RELATIONS AUTHORITY,Medium Independent Agencies (100-999 employees)
/US FEDERAL GOVERNMENT/[opmgov] MERIT SYSTEMS PROTECTION BOARD,[opmgov] MERIT SYSTEMS PROTECTION BOARD,213,MERIT SYSTEMS PROTECTION BOARD,MERIT SYSTEMS PROTECTION BOARD,Medium Independent Agencies (100-999 employees)
/US FEDERAL GOVERNMENT/[opmgov] DEFENSE NUCLEAR FACILITIES SAFETY BOARD,[opmgov] DEFENSE NUCLEAR FACILITIES SAFETY BOARD,102,DEFENSE NUCLEAR FACILITIES SAFETY BOARD,DEFENSE NUCLEAR FACILITIES SAFETY BOARD,Medium Independent Agencies (100-999 employees)
/US FEDERAL GOVERNMENT/[opmgov] PENSION BENEFIT GUARANTY CORPORATION,[opmgov] PENSION BENEFIT GUARANTY CORPORATION,922,PENSION BENEFIT GUARANTY CORPORATION,PENSION BENEFIT GUARANTY CORPORATION,Medium Independent Agencies (100-999 employees)
/US FEDERAL GOVERNMENT/[opmgov] OFFICE OF MANAGEMENT AND BUDGET,[opmgov] OFFICE OF MANAGEMENT AND BUDGET,536,OFFICE OF MANAGEMENT AND BUDGET,OFFICE OF MANAGEMENT AND BUDGET,Medium Independent Agencies (100-999 employees)
/US FEDERAL GOVERNMENT/[opmgov] COMMODITY FUTURES TRADING COMMISSION,[opmgov] COMMODITY FUTURES TRADING COMMISSION,593,COMMODITY FUTURES TRADING COMMISSION,COMMODITY FUTURES TRADING COMMISSION,Medium Independent Agencies (100-999 employees)
/US FEDERAL GOVERNMENT/[opmgov] EXPORT,[opmgov] EXPORT,388,EXPORT,EXPORT,Medium Independent Agencies (100-999 employees)
/US FEDERAL GOVERNMENT/[opmgov] OFFICE OF ADMINISTRATION,[opmgov] OFFICE OF ADMINISTRATION,226,OFFICE OF ADMINISTRATION,OFFICE OF ADMINISTRATION,Medium Independent Agencies (100-999 employees)
/US FEDERAL GOVERNMENT/[opmgov] FARM CREDIT ADMINISTRATION,[opmgov] FARM CREDIT ADMINISTRATION,278,FARM CREDIT ADMINISTRATION,FARM CREDIT ADMINISTRATION,Medium Independent Agencies (100-999 employees)
/US FEDERAL GOVERNMENT/[opmgov] FEDERAL MEDIATION AND CONCILIATION SERVICE,[opmgov] FEDERAL MEDIATION AND CONCILIATION SERVICE,251,FEDERAL MEDIATION AND CONCILIATION SERVICE,FEDERAL MEDIATION AND CONCILIATION SERVICE,Medium Independent Agencies (100-999 employees)
/US FEDERAL GOVERNMENT/[opmgov] OFFICE OF SPECIAL COUNSEL,[opmgov] OFFICE OF SPECIAL COUNSEL,105,OFFICE OF SPECIAL COUNSEL,OFFICE OF SPECIAL COUNSEL,Medium Independent Agencies (100-999 employees)
/US FEDERAL GOVERNMENT/[opmgov] OVERSEAS PRIVATE INVESTMENT CORPORATION,[opmgov] OVERSEAS PRIVATE INVESTMENT CORPORATION,204,OVERSEAS PRIVATE INVESTMENT CORPORATION,OVERSEAS PRIVATE INVESTMENT CORPORATION,Medium Independent Agencies (100-999 employees)
/US FEDERAL GOVERNMENT/[opmgov] PRESIDIO TRUST,[opmgov] PRESIDIO TRUST,340,PRESIDIO TRUST,PRESIDIO TRUST,Medium Independent Agencies (100-999 employees)
/US FEDERAL GOVERNMENT/[opmgov] INTERNATIONAL BOUNDARY AND WATER COMMISSION:  UNITED STATES AND MEXICO,[opmgov] INTERNATIONAL BOUNDARY AND WATER COMMISSION:  UNITED STATES AND MEXICO,277,INTERNATIONAL BOUNDARY AND WATER COMMISSION:  UNITED STATES AND MEXICO,INTERNATIONAL BOUNDARY AND WATER COMMISSION:  UNITED STATES AND MEXICO,Medium Independent Agencies (100-999 employees)
/US FEDERAL GOVERNMENT/[opmgov] U.S. HOLOCAUST MEMORIAL MUSEUM,[opmgov] U.S. HOLOCAUST MEMORIAL MUSEUM,192,U.S. HOLOCAUST MEMORIAL MUSEUM,U.S. HOLOCAUST MEMORIAL MUSEUM,Medium Independent Agencies (100-999 employees)
/US FEDERAL GOVERNMENT/[opmgov] FEDERAL HOUSING FINANCE AGENCY,[opmgov] FEDERAL HOUSING FINANCE AGENCY,433,FEDERAL HOUSING FINANCE AGENCY,FEDERAL HOUSING FINANCE AGENCY,Medium Independent Agencies (100-999 employees)
/US FEDERAL GOVERNMENT/[opmgov] CORPORATION FOR NATIONAL AND COMMUNITY SERVICE,[opmgov] CORPORATION FOR NATIONAL AND COMMUNITY SERVICE,586,CORPORATION FOR NATIONAL AND COMMUNITY SERVICE,CORPORATION FOR NATIONAL AND COMMUNITY SERVICE,Medium Independent Agencies (100-999 employees)
/US FEDERAL GOVERNMENT/[opmgov] FEDERAL ELECTION COMMISSION,[opmgov] FEDERAL ELECTION COMMISSION,365,FEDERAL ELECTION COMMISSION,FEDERAL ELECTION COMMISSION,Medium Independent Agencies (100-999 employees)
/US FEDERAL GOVERNMENT/[opmgov] U.S. TAX COURT,[opmgov] U.S. TAX COURT,228,U.S. TAX COURT,U.S. TAX COURT,Medium Independent Agencies (100-999 employees)
/US FEDERAL GOVERNMENT/[opmgov] FEDERAL MARITIME COMMISSION,[opmgov] FEDERAL MARITIME COMMISSION,125,FEDERAL MARITIME COMMISSION,FEDERAL MARITIME COMMISSION,Medium Independent Agencies (100-999 employees)
/US FEDERAL GOVERNMENT/[opmgov] MILLENNIUM CHALLENGE CORPORATION,[opmgov] MILLENNIUM CHALLENGE CORPORATION,289,MILLENNIUM CHALLENGE CORPORATION,MILLENNIUM CHALLENGE CORPORATION,Medium Independent Agencies (100-999 employees)
/US FEDERAL GOVERNMENT/[opmgov] PEACE CORPS,[opmgov] PEACE CORPS,855,PEACE CORPS,PEACE CORPS,Medium Independent Agencies (100-999 employees)
/US FEDERAL GOVERNMENT/[opmgov] ARMED FORCES RETIREMENT HOME,[opmgov] ARMED FORCES RETIREMENT HOME,258,ARMED FORCES RETIREMENT HOME,ARMED FORCES RETIREMENT HOME,Medium Independent Agencies (100-999 employees)
/US FEDERAL GOVERNMENT/[opmgov] RAILROAD RETIREMENT BOARD,[opmgov] RAILROAD RETIREMENT BOARD,967,RAILROAD RETIREMENT BOARD,RAILROAD RETIREMENT BOARD,Medium Independent Agencies (100-999 employees)
/US FEDERAL GOVERNMENT/[opmgov] CONSUMER PRODUCT SAFETY COMMISSION,[opmgov] CONSUMER PRODUCT SAFETY COMMISSION,477,CONSUMER PRODUCT SAFETY COMMISSION,CONSUMER PRODUCT SAFETY COMMISSION,Medium Independent Agencies (100-999 employees)
/US FEDERAL GOVERNMENT/[opmgov] SELECTIVE SERVICE SYSTEM,[opmgov] SELECTIVE SERVICE SYSTEM,178,SELECTIVE SERVICE SYSTEM,SELECTIVE SERVICE SYSTEM,Medium Independent Agencies (100-999 employees)
/US FEDERAL GOVERNMENT/[opmgov] NATIONAL TRANSPORTATION SAFETY BOARD,[opmgov] NATIONAL TRANSPORTATION SAFETY BOARD,386,NATIONAL TRANSPORTATION SAFETY BOARD,NATIONAL TRANSPORTATION SAFETY BOARD,Medium Independent Agencies (100-999 employees)
/US FEDERAL GOVERNMENT/[opmgov] U.S. INTERNATIONAL TRADE COMMISSION,[opmgov] U.S. INTERNATIONAL TRADE COMMISSION,396,U.S. INTERNATIONAL TRADE COMMISSION,U.S. INTERNATIONAL TRADE COMMISSION,Medium Independent Agencies (100-999 employees)
/US FEDERAL GOVERNMENT/[opmgov] OFFICE OF THE U.S. TRADE REPRESENTATIVE,[opmgov] OFFICE OF THE U.S. TRADE REPRESENTATIVE,231,OFFICE OF THE U.S. TRADE REPRESENTATIVE,OFFICE OF THE U.S. TRADE REPRESENTATIVE,Medium Independent Agencies (100-999 employees)
/US FEDERAL GOVERNMENT/[opmgov] AFRICAN DEVELOPMENT FOUNDATION,[opmgov] AFRICAN DEVELOPMENT FOUNDATION,27,AFRICAN DEVELOPMENT FOUNDATION,AFRICAN DEVELOPMENT FOUNDATION,Small Independent Agencies (less than 100 employees)
/US FEDERAL GOVERNMENT/[opmgov] APPALACHIAN REGIONAL COMMISSION,[opmgov] APPALACHIAN REGIONAL COMMISSION,9,APPALACHIAN REGIONAL COMMISSION,APPALACHIAN REGIONAL COMMISSION,Small Independent Agencies (less than 100 employees)
/US FEDERAL GOVERNMENT/[opmgov] ARCTIC RESEARCH COMMISSION,[opmgov] ARCTIC RESEARCH COMMISSION,10,ARCTIC RESEARCH COMMISSION,ARCTIC RESEARCH COMMISSION,Small Independent Agencies (less than 100 employees)
/US FEDERAL GOVERNMENT/[opmgov] JAMES MADISON MEMORIAL FELLOWSHIP FOUNDATION,[opmgov] JAMES MADISON MEMORIAL FELLOWSHIP FOUNDATION,6,JAMES MADISON MEMORIAL FELLOWSHIP FOUNDATION,JAMES MADISON MEMORIAL FELLOWSHIP FOUNDATION,Small Independent Agencies (less than 100 employees)
/US FEDERAL GOVERNMENT/[opmgov] ARCHITECTURAL AND TRANSPORTATION BARRIERS COMPLIANCE BOARD,[opmgov] ARCHITECTURAL AND TRANSPORTATION BARRIERS COMPLIANCE BOARD,41,ARCHITECTURAL AND TRANSPORTATION BARRIERS COMPLIANCE BOARD,ARCHITECTURAL AND TRANSPORTATION BARRIERS COMPLIANCE BOARD,Small Independent Agencies (less than 100 employees)
/US FEDERAL GOVERNMENT/[opmgov] NUCLEAR WASTE TECHNICAL REVIEW BOARD,[opmgov] NUCLEAR WASTE TECHNICAL REVIEW BOARD,24,NUCLEAR WASTE TECHNICAL REVIEW BOARD,NUCLEAR WASTE TECHNICAL REVIEW BOARD,Small Independent Agencies (less than 100 employees)
/US FEDERAL GOVERNMENT/[opmgov] CHRISTOPHER COLUMBUS FELLOWSHIP FOUNDATION,[opmgov] CHRISTOPHER COLUMBUS FELLOWSHIP FOUNDATION,9,CHRISTOPHER COLUMBUS FELLOWSHIP FOUNDATION,CHRISTOPHER COLUMBUS FELLOWSHIP FOUNDATION,Small Independent Agencies (less than 100 employees)
/US FEDERAL GOVERNMENT/[opmgov] COMMISSION ON CIVIL RIGHTS,[opmgov] COMMISSION ON CIVIL RIGHTS,50,COMMISSION ON CIVIL RIGHTS,COMMISSION ON CIVIL RIGHTS,Small Independent Agencies (less than 100 employees)
/US FEDERAL GOVERNMENT/[opmgov] COUNCIL OF ECONOMIC ADVISERS,[opmgov] COUNCIL OF ECONOMIC ADVISERS,27,COUNCIL OF ECONOMIC ADVISERS,COUNCIL OF ECONOMIC ADVISERS,Small Independent Agencies (less than 100 employees)
/US FEDERAL GOVERNMENT/[opmgov] COMMISSION OF FINE ARTS,[opmgov] COMMISSION OF FINE ARTS,11,COMMISSION OF FINE ARTS,COMMISSION OF FINE ARTS,Small Independent Agencies (less than 100 employees)
/US FEDERAL GOVERNMENT/[opmgov] NATIONAL COMMISSION ON LIBRARIES AND INFORMATION SCIENCE,[opmgov] NATIONAL COMMISSION ON LIBRARIES AND INFORMATION SCIENCE,17,NATIONAL COMMISSION ON LIBRARIES AND INFORMATION SCIENCE,NATIONAL COMMISSION ON LIBRARIES AND INFORMATION SCIENCE,Small Independent Agencies (less than 100 employees)
/US FEDERAL GOVERNMENT/[opmgov] PUBLIC INTEREST DECLASSIFICATION BOARD,[opmgov] PUBLIC INTEREST DECLASSIFICATION BOARD,7,PUBLIC INTEREST DECLASSIFICATION BOARD,PUBLIC INTEREST DECLASSIFICATION BOARD,Small Independent Agencies (less than 100 employees)
/US FEDERAL GOVERNMENT/[opmgov] DENALI COMMISSION,[opmgov] DENALI COMMISSION,22,DENALI COMMISSION,DENALI COMMISSION,Small Independent Agencies (less than 100 employees)
/US FEDERAL GOVERNMENT/[opmgov] COUNCIL ON ENVIRONMENTAL QUALITY/OFFICE OF ENVIRONMENTAL QUALITY,[opmgov] COUNCIL ON ENVIRONMENTAL QUALITY/OFFICE OF ENVIRONMENTAL QUALITY,24,COUNCIL ON ENVIRONMENTAL QUALITY/OFFICE OF ENVIRONMENTAL QUALITY,COUNCIL ON ENVIRONMENTAL QUALITY/OFFICE OF ENVIRONMENTAL QUALITY,Small Independent Agencies (less than 100 employees)
/US FEDERAL GOVERNMENT/[opmgov] TRADE AND DEVELOPMENT AGENCY,[opmgov] TRADE AND DEVELOPMENT AGENCY,45,TRADE AND DEVELOPMENT AGENCY,TRADE AND DEVELOPMENT AGENCY,Small Independent Agencies (less than 100 employees)
/US FEDERAL GOVERNMENT/[opmgov] FEDERAL FINANCIAL INSTITUTIONS EXAMINATION COUNCIL,[opmgov] FEDERAL FINANCIAL INSTITUTIONS EXAMINATION COUNCIL,10,FEDERAL FINANCIAL INSTITUTIONS EXAMINATION COUNCIL,FEDERAL FINANCIAL INSTITUTIONS EXAMINATION COUNCIL,Small Independent Agencies (less than 100 employees)
/US FEDERAL GOVERNMENT/[opmgov] CHEMICAL SAFETY AND HAZARD INVESTIGATION BOARD,[opmgov] CHEMICAL SAFETY AND HAZARD INVESTIGATION BOARD,39,CHEMICAL SAFETY AND HAZARD INVESTIGATION BOARD,CHEMICAL SAFETY AND HAZARD INVESTIGATION BOARD,Small Independent Agencies (less than 100 employees)
/US FEDERAL GOVERNMENT/[opmgov] FARM CREDIT SYSTEM INSURANCE CORPORATION,[opmgov] FARM CREDIT SYSTEM INSURANCE CORPORATION,11,FARM CREDIT SYSTEM INSURANCE CORPORATION,FARM CREDIT SYSTEM INSURANCE CORPORATION,Small Independent Agencies (less than 100 employees)
/US FEDERAL GOVERNMENT/[opmgov] BARRY GOLDWATER SCHOLARSHIP AND EXCELLENCE IN EDUCATION FOUNDATION,[opmgov] BARRY GOLDWATER SCHOLARSHIP AND EXCELLENCE IN EDUCATION FOUNDATION,7,BARRY GOLDWATER SCHOLARSHIP AND EXCELLENCE IN EDUCATION FOUNDATION,BARRY GOLDWATER SCHOLARSHIP AND EXCELLENCE IN EDUCATION FOUNDATION,Small Independent Agencies (less than 100 employees)
/US FEDERAL GOVERNMENT/[opmgov] OFFICE OF GOVERNMENT ETHICS,[opmgov] OFFICE OF GOVERNMENT ETHICS,75,OFFICE OF GOVERNMENT ETHICS,OFFICE OF GOVERNMENT ETHICS,Small Independent Agencies (less than 100 employees)
/US FEDERAL GOVERNMENT/[opmgov] VALLES CALDERA TRUST,[opmgov] VALLES CALDERA TRUST,39,VALLES CALDERA TRUST,VALLES CALDERA TRUST,Small Independent Agencies (less than 100 employees)
/US FEDERAL GOVERNMENT/[opmgov] VIETNAM EDUCATION FOUNDATION,[opmgov] VIETNAM EDUCATION FOUNDATION,8,VIETNAM EDUCATION FOUNDATION,VIETNAM EDUCATION FOUNDATION,Small Independent Agencies (less than 100 employees)
/US FEDERAL GOVERNMENT/[opmgov] ELECTION ASSISTANCE COMMISSION,[opmgov] ELECTION ASSISTANCE COMMISSION,56,ELECTION ASSISTANCE COMMISSION,ELECTION ASSISTANCE COMMISSION,Small Independent Agencies (less than 100 employees)
/US FEDERAL GOVERNMENT/[opmgov] INTERNATIONAL BOUNDARY COMMISSION:  UNITED STATES AND CANADA,[opmgov] INTERNATIONAL BOUNDARY COMMISSION:  UNITED STATES AND CANADA,5,INTERNATIONAL BOUNDARY COMMISSION:  UNITED STATES AND CANADA,INTERNATIONAL BOUNDARY COMMISSION:  UNITED STATES AND CANADA,Small Independent Agencies (less than 100 employees)
/US FEDERAL GOVERNMENT/[opmgov] INTERNATIONAL JOINT COMMISSION:  UNITED STATES AND CANADA,[opmgov] INTERNATIONAL JOINT COMMISSION:  UNITED STATES AND CANADA,18,INTERNATIONAL JOINT COMMISSION:  UNITED STATES AND CANADA,INTERNATIONAL JOINT COMMISSION:  UNITED STATES AND CANADA,Small Independent Agencies (less than 100 employees)
/US FEDERAL GOVERNMENT/[opmgov] COMMITTEE FOR PURCHASE FROM PEOPLE WHO ARE BLIND OR SEVERELY DISABLED,[opmgov] COMMITTEE FOR PURCHASE FROM PEOPLE WHO ARE BLIND OR SEVERELY DISABLED,28,COMMITTEE FOR PURCHASE FROM PEOPLE WHO ARE BLIND OR SEVERELY DISABLED,COMMITTEE FOR PURCHASE FROM PEOPLE WHO ARE BLIND OR SEVERELY DISABLED,Small Independent Agencies (less than 100 employees)
/US FEDERAL GOVERNMENT/[opmgov] ADVISORY COUNCIL ON HISTORIC PRESERVATION,[opmgov] ADVISORY COUNCIL ON HISTORIC PRESERVATION,53,ADVISORY COUNCIL ON HISTORIC PRESERVATION,ADVISORY COUNCIL ON HISTORIC PRESERVATION,Small Independent Agencies (less than 100 employees)
/US FEDERAL GOVERNMENT/[opmgov] HARRY S. TRUMAN SCHOLARSHIP FOUNDATION,[opmgov] HARRY S. TRUMAN SCHOLARSHIP FOUNDATION,4,HARRY S. TRUMAN SCHOLARSHIP FOUNDATION,HARRY S. TRUMAN SCHOLARSHIP FOUNDATION,Small Independent Agencies (less than 100 employees)
/US FEDERAL GOVERNMENT/[opmgov] U.S. INTERAGENCY COUNCIL ON HOMELESSNESS,[opmgov] U.S. INTERAGENCY COUNCIL ON HOMELESSNESS,15,U.S. INTERAGENCY COUNCIL ON HOMELESSNESS,U.S. INTERAGENCY COUNCIL ON HOMELESSNESS,Small Independent Agencies (less than 100 employees)
/US FEDERAL GOVERNMENT/[opmgov] INTER,[opmgov] INTER,45,INTER,INTER,Small Independent Agencies (less than 100 employees)
/US FEDERAL GOVERNMENT/[opmgov] MARINE MAMMAL COMMISSION,[opmgov] MARINE MAMMAL COMMISSION,22,MARINE MAMMAL COMMISSION,MARINE MAMMAL COMMISSION,Small Independent Agencies (less than 100 employees)
/US FEDERAL GOVERNMENT/[opmgov] NATIONAL COUNCIL ON DISABILITY,[opmgov] NATIONAL COUNCIL ON DISABILITY,23,NATIONAL COUNCIL ON DISABILITY,NATIONAL COUNCIL ON DISABILITY,Small Independent Agencies (less than 100 employees)
/US FEDERAL GOVERNMENT/[opmgov] NATIONAL MEDIATION BOARD,[opmgov] NATIONAL MEDIATION BOARD,48,NATIONAL MEDIATION BOARD,NATIONAL MEDIATION BOARD,Small Independent Agencies (less than 100 employees)
/US FEDERAL GOVERNMENT/[opmgov] NATIONAL CAPITAL PLANNING COMMISSION,[opmgov] NATIONAL CAPITAL PLANNING COMMISSION,46,NATIONAL CAPITAL PLANNING COMMISSION,NATIONAL CAPITAL PLANNING COMMISSION,Small Independent Agencies (less than 100 employees)
/US FEDERAL GOVERNMENT/[opmgov] NATIONAL SECURITY COUNCIL,[opmgov] NATIONAL SECURITY COUNCIL,69,NATIONAL SECURITY COUNCIL,NATIONAL SECURITY COUNCIL,Small Independent Agencies (less than 100 employees)
/US FEDERAL GOVERNMENT/[opmgov] OCCUPATIONAL SAFETY AND HEALTH REVIEW COMMISSION,[opmgov] OCCUPATIONAL SAFETY AND HEALTH REVIEW COMMISSION,57,OCCUPATIONAL SAFETY AND HEALTH REVIEW COMMISSION,OCCUPATIONAL SAFETY AND HEALTH REVIEW COMMISSION,Small Independent Agencies (less than 100 employees)
/US FEDERAL GOVERNMENT/[opmgov] OFFICE OF NATIONAL DRUG CONTROL POLICY,[opmgov] OFFICE OF NATIONAL DRUG CONTROL POLICY,97,OFFICE OF NATIONAL DRUG CONTROL POLICY,OFFICE OF NATIONAL DRUG CONTROL POLICY,Small Independent Agencies (less than 100 employees)
/US FEDERAL GOVERNMENT/[opmgov] OFFICE OF NAVAJO AND HOPI INDIAN RELOCATION,[opmgov] OFFICE OF NAVAJO AND HOPI INDIAN RELOCATION,45,OFFICE OF NAVAJO AND HOPI INDIAN RELOCATION,OFFICE OF NAVAJO AND HOPI INDIAN RELOCATION,Small Independent Agencies (less than 100 employees)
/US FEDERAL GOVERNMENT/[opmgov] FEDERAL RETIREMENT THRIFT INVESTMENT BOARD,[opmgov] FEDERAL RETIREMENT THRIFT INVESTMENT BOARD,85,FEDERAL RETIREMENT THRIFT INVESTMENT BOARD,FEDERAL RETIREMENT THRIFT INVESTMENT BOARD,Small Independent Agencies (less than 100 employees)
/US FEDERAL GOVERNMENT/[opmgov] FEDERAL MINE SAFETY AND HEALTH REVIEW COMMISSION,[opmgov] FEDERAL MINE SAFETY AND HEALTH REVIEW COMMISSION,45,FEDERAL MINE SAFETY AND HEALTH REVIEW COMMISSION,FEDERAL MINE SAFETY AND HEALTH REVIEW COMMISSION,Small Independent Agencies (less than 100 employees)
/US FEDERAL GOVERNMENT/[opmgov] RECOVERY ACT ACCOUNTABILITY & TRANSPARENCY BOARD,[opmgov] RECOVERY ACT ACCOUNTABILITY & TRANSPARENCY BOARD,24,RECOVERY ACT ACCOUNTABILITY & TRANSPARENCY BOARD,RECOVERY ACT ACCOUNTABILITY & TRANSPARENCY BOARD,Small Independent Agencies (less than 100 employees)
/US FEDERAL GOVERNMENT/[opmgov] OFFICE OF SCIENCE AND TECHNOLOGY POLICY,[opmgov] OFFICE OF SCIENCE AND TECHNOLOGY POLICY,29,OFFICE OF SCIENCE AND TECHNOLOGY POLICY,OFFICE OF SCIENCE AND TECHNOLOGY POLICY,Small Independent Agencies (less than 100 employees)
/US FEDERAL GOVERNMENT/[opmgov] JAPAN,[opmgov] JAPAN,13,JAPAN,JAPAN,Small Independent Agencies (less than 100 employees)
/US FEDERAL GOVERNMENT/[opmgov] UTAH RECLAMATION MITIGATION AND CONSERVATION COMMISSION,[opmgov] UTAH RECLAMATION MITIGATION AND CONSERVATION COMMISSION,15,UTAH RECLAMATION MITIGATION AND CONSERVATION COMMISSION,UTAH RECLAMATION MITIGATION AND CONSERVATION COMMISSION,Small Independent Agencies (less than 100 employees)
/US FEDERAL GOVERNMENT/[opmgov] FINANCIAL CRISIS INQUIRY COMMISSION,[opmgov] FINANCIAL CRISIS INQUIRY COMMISSION,30,FINANCIAL CRISIS INQUIRY COMMISSION,FINANCIAL CRISIS INQUIRY COMMISSION,Small Independent Agencies (less than 100 employees)
/US FEDERAL GOVERNMENT/[opmgov] MEDICARE PAYMENT ADVISORY COMMISSION,[opmgov] MEDICARE PAYMENT ADVISORY COMMISSION,49,MEDICARE PAYMENT ADVISORY COMMISSION,MEDICARE PAYMENT ADVISORY COMMISSION,Small Independent Agencies (less than 100 employees)
/US FEDERAL GOVERNMENT/[opmgov] U.S. COMMISSION ON INTERNATIONAL RELIGIOUS FREEDOM,[opmgov] U.S. COMMISSION ON INTERNATIONAL RELIGIOUS FREEDOM,24,U.S. COMMISSION ON INTERNATIONAL RELIGIOUS FREEDOM,U.S. COMMISSION ON INTERNATIONAL RELIGIOUS FREEDOM,Small Independent Agencies (less than 100 employees)
/US FEDERAL GOVERNMENT/[opmgov] UNITED STATES,[opmgov] UNITED STATES,31,UNITED STATES,UNITED STATES,Small Independent Agencies (less than 100 employees)
/US FEDERAL GOVERNMENT/[opmgov] DWIGHT D. EISENHOWER MEMORIAL COMMISSION,[opmgov] DWIGHT D. EISENHOWER MEMORIAL COMMISSION,11,DWIGHT D. EISENHOWER MEMORIAL COMMISSION,DWIGHT D. EISENHOWER MEMORIAL COMMISSION,Small Independent Agencies (less than 100 employees)
