path,name,digitalregistry
/US FEDERAL GOVERNMENT,US FEDERAL GOVERNMENT,{'name': 'US FEDERAL GOVERNMENT'}
/US FEDERAL GOVERNMENT/[digitalregistry] U.S. Department of Health & Human Services (2119),[digitalregistry] U.S. Department of Health & Human Services (2119),"{'id': 2119, 'name': 'U.S. Department of Health & Human Services', 'url': 'https://www.hhs.gov/', 'abbreviation': 'HHS', 'domain': 'hhs.gov', 'digital_analytics_path': '', 'mission_statement': 'Enhance the health and well-being of all Americans, by providing for effective health and human services and by fostering sound, sustained advances in the sciences underlying medicine, public health, and social services.', 'mission_statement_url': 'https://www.hhs.gov/', 'performance_url': 'https://www.hhs.gov/about/budget/fy2024/performance/index.html', 'strategic_plan_url': 'https://www.hhs.gov/about/strategic-plan/2022-2026/index.html', 'learning_agenda_url': 'https://aspe.hhs.gov/reports/fy-2023-2026-hhs-evidence-building-plan ', 'cfo_act_agency': True, 'digital_service_accounts': [{'name': 'HIV.gov', 'contacts': [], 'service': 'facebook', 'service_url': 'http://facebook.com/hivgov', 'account': 'Facebook', 'language': 'English', 'status': 'published', 'short_description': 'Gateway to domestic U.S. government HIV/AIDS testing, treatment, research, policy and digital communications resources: www.AIDS.gov http://blog.AIDS.gov/', 'long_description': 'HIV/AIDS information from across the U.S. government. Visit www.HIV.gov for information on HIV Basics, Awareness Days, National HIV/AIDS Strategy, digital/social media planning. Subscribe to  http://hiv.gov/blog to get the latest on HIV updates. ', 'tags': []}], 'digital_products': []}"
/US FEDERAL GOVERNMENT/[digitalregistry] Centers for Disease Control and Prevention (2140),[digitalregistry] Centers for Disease Control and Prevention (2140),"{'id': 2140, 'name': 'Centers for Disease Control and Prevention', 'url': 'https://cdc.gov', 'abbreviation': 'CDC', 'domain': 'cdc.gov', 'cfo_act_agency': False, 'digital_service_accounts': [{'name': 'Facebook - CDC', 'contacts': [], 'service': 'facebook', 'service_url': 'http://www.facebook.com/CDC', 'account': 'Facebook', 'language': 'English', 'status': 'published', 'short_description': '', 'long_description': 'For questions about this account, please contact Emily Hood (OADC)', 'tags': []}], 'digital_products': []}"
/US FEDERAL GOVERNMENT/[digitalregistry] Consumer Protection Finance Bureau (2143),[digitalregistry] Consumer Protection Finance Bureau (2143),"{'id': 2143, 'name': 'Consumer Protection Finance Bureau', 'url': 'https://www.consumerfinance.gov/', 'abbreviation': 'CFPB', 'domain': 'cfpb.gov', 'cfo_act_agency': False, 'digital_service_accounts': [{'name': 'Consumer Financial Protection Bureau', 'contacts': [], 'service': 'facebook', 'service_url': 'http://facebook.com/cfpb', 'account': 'Facebook', 'language': 'English', 'status': 'published', 'short_description': 'The official Facebook account of the CFPB', 'long_description': '', 'tags': ['cfpb']}]}"
/US FEDERAL GOVERNMENT/[digitalregistry] Department of Labor (2082),[digitalregistry] Department of Labor (2082),"{'id': 2082, 'name': 'Department of Labor', 'url': 'https://dol.gov/', 'abbreviation': 'DOL', 'domain': 'dol.gov', 'digital_analytics_path': '', 'mission_statement': 'To foster, promote, and develop the welfare of the wage earners, job seekers, and retirees of the United States; improve working conditions; advance opportunities for profitable employment; and assure work-related benefits and rights.', 'mission_statement_url': 'https://www.dol.gov/', 'performance_url': 'https://www.dol.gov/general/aboutdol#budget', 'strategic_plan_url': 'https://www.dol.gov/general/aboutdol#budget ', 'learning_agenda_url': 'https://www.evaluation.gov/agencies/department-of-labor/', 'cfo_act_agency': True, 'digital_service_accounts': [{'name': 'DepartmentofLabor', 'contacts': [{'email': 'koebel.tiffany.l@dol.gov'}], 'service': 'facebook', 'service_url': 'http://facebook.com/departmentoflabor', 'account': 'Facebook', 'language': 'English', 'status': 'published', 'short_description': ""Information from the U.S. Department of Labor on jobs and training, safety and regulations, and other issues impacting America's workforce, job seekers and retirees."", 'long_description': 'The mission of the U.S. Department of Labor is to foster, promote, and develop the welfare of the wage earners, job seekers, and retirees of the United States; improve working conditions; advance opportunities for profitable employment; and assure work-related benefits and rights. Our Facebook page reflects this mission, and provides updates on Labor Department initiatives and resources.', 'tags': ['leave', 'pay', 'workplace', 'work']}]}"
/US FEDERAL GOVERNMENT/[digitalregistry] U.S. Department of Justice (2109),[digitalregistry] U.S. Department of Justice (2109),"{'id': 2109, 'name': 'U.S. Department of Justice', 'url': 'https://www.justice.gov/', 'abbreviation': 'DOJ', 'domain': 'usdoj.gov', 'digital_analytics_path': '', 'mission_statement': 'To uphold the rule of law, to keep our country safe, and to protect civil rights.', 'mission_statement_url': 'https://www.justice.gov/', 'performance_url': 'https://www.justice.gov/doj/budget-and-performance', 'strategic_plan_url': 'https://www.justice.gov/doj/doj-strategic-plan-2022-2026', 'learning_agenda_url': ' https://www.evaluation.gov/agencies/department-of-justice/', 'cfo_act_agency': True, 'digital_service_accounts': [{'name': 'Department of Justice', 'contacts': [], 'service': 'facebook', 'service_url': 'http://facebook.com/DOJ', 'account': 'Facebook', 'language': 'English', 'status': 'published', 'short_description': '', 'long_description': '', 'tags': []}]}"
/US FEDERAL GOVERNMENT/[digitalregistry] National Archives (2124),[digitalregistry] National Archives (2124),"{'id': 2124, 'name': 'National Archives', 'url': 'https://www.archives.gov/', 'abbreviation': 'NARA', 'domain': 'nara.gov', 'cfo_act_agency': False, 'digital_service_accounts': [{'name': 'Federal Register', 'contacts': [], 'service': 'facebook', 'service_url': 'http://facebook.com/FedRegister', 'account': 'Facebook', 'language': 'English', 'status': 'published', 'short_description': 'Official Facebook of the Office of the Federal Register (OFR)! OFR publishes governmental policies and makes them available to the public.  This site is managed by the National Archives and Records Administration.', 'long_description': 'National Archives Facebook Commenting Policy: https://www.archives.gov/social-media/policies/facebook-comment-policy.html', 'tags': ['Nara']}]}"
/US FEDERAL GOVERNMENT/[digitalregistry] General Services Administration (1),[digitalregistry] General Services Administration (1),"{'id': 1, 'name': 'General Services Administration', 'url': 'https://www.gsa.gov/', 'abbreviation': 'GSA', 'domain': 'gsa.gov', 'digital_analytics_path': '', 'mission_statement': 'To deliver the best customer experience and value in real estate, acquisition, and technology services to the Government and the American people.', 'mission_statement_url': 'https://gsa.gov', 'performance_url': 'https://www.gsa.gov/reference/reports/budget-performance', 'strategic_plan_url': 'https://www.gsa.gov/reference/reports/budget-performance/gsa-fy-20222026-strategic-plan', 'learning_agenda_url': 'https://www.evaluation.gov/agencies/general-services-administration/', 'cfo_act_agency': True, 'digital_service_accounts': [{'name': 'GobiernoUSA.gov', 'contacts': [], 'service': 'facebook', 'service_url': 'http://facebook.com/gobiernousa', 'account': 'Facebook', 'language': 'Spanish', 'status': 'published', 'short_description': 'GobiernoUSA.gov te ayuda a encontrar información oficial sobre programas y servicios del Gobierno de los Estados Unidos por Internet. Visita nuestra página principal en https://gobierno.usa.gov//', 'long_description': 'Información oficial en español del Gobierno de Estados Unidos\r\n\r\nNuestra misión:\r\nFacilitar a las personas con conocimiento limitado del inglés acceso a información sobre servicios y programas del Gobierno\r\n\r\nResaltar las iniciativas actuales y recursos del Gobierno que benefician a la comunidad hispana\r\n\r\nReforzar la calidad de la información y los servicios en español que están a su disposición en los sitios web del Gobierno de EE. UU.\r\n\r\nNuestra política de comentarios\r\n\r\nRecibiremos tus comentarios con mucho gusto si tienes 13 años o más (en inglés) y esperamos que nuestras conversaciones sean respetuosas. Eres responsable por el contenido que compartes. Te pedimos que te adhieras a nuestra política de comentarios.', 'tags': ['ocsit']}]}"
/US FEDERAL GOVERNMENT/[digitalregistry] U.S. Department of the Treasury (2122),[digitalregistry] U.S. Department of the Treasury (2122),"{'id': 2122, 'name': 'U.S. Department of the Treasury', 'url': 'https://home.treasury.gov/', 'abbreviation': 'USDT', 'domain': 'treas.gov', 'digital_analytics_path': '', 'mission_statement': 'Maintain a strong economy and create economic and job opportunities by promoting the conditions that enable economic growth and stability at home and abroad, strengthen national security by combating threats and protecting the integrity of the financial system, and manage the U.S. Government’s finances and resources effectively.', 'mission_statement_url': 'https://home.treasury.gov/', 'performance_url': 'https://home.treasury.gov/about/budget-financial-reporting-planning-and-performance/budget-requestannual-performance-plan-and-reports', 'strategic_plan_url': 'https://home.treasury.gov/about/budget-financial-reporting-planning-and-performance/strategic-plan', 'learning_agenda_url': 'https://www.evaluation.gov/agencies/department-of-treasury/', 'cfo_act_agency': True, 'digital_service_accounts': [{'name': 'United States Mint', 'contacts': [], 'service': 'facebook', 'service_url': 'http://facebook.com/UnitedStatesMint', 'account': 'Facebook', 'language': 'English', 'status': 'published', 'short_description': ""Welcome to the United States Mint's Facebook page. If you are looking for the official Web site of the United States Mint, please visit www.usmint.gov"", 'long_description': ""The primary mission of the United States Mint is to manufacture and distribute circulating coins, precious metals and collectible coins, and national medals to meet the needs of the United States. In addition to producing coins and medals, the United States Mint also maintains physical custody and protection of the Nation's gold and silver assets."", 'tags': []}]}"
/US FEDERAL GOVERNMENT/[digitalregistry] Department of Commerce (2138),[digitalregistry] Department of Commerce (2138),"{'id': 2138, 'name': 'Department of Commerce', 'url': 'https://www.commerce.gov/', 'abbreviation': 'DOC', 'domain': 'doc.gov', 'digital_analytics_path': 'commerce', 'mission_statement': 'Create the conditions for economic growth and opportunity for all communities.', 'mission_statement_url': 'https://www.commerce.gov/', 'performance_url': 'https://www.commerce.gov/about/budget-and-performance', 'strategic_plan_url': 'https://www.commerce.gov/about/budget-and-performance', 'learning_agenda_url': 'https://www.evaluation.gov/agencies/department-of-commerce/', 'cfo_act_agency': True, 'digital_service_accounts': [{'name': 'U.S. Census Bureau ', 'contacts': [], 'service': 'facebook', 'service_url': 'http://facebook.com/uscensusbureau', 'account': 'Facebook', 'language': 'English', 'status': 'published', 'short_description': ""Your trusted source for quality statistics about our nation's people, places and economy. www.census.gov/"", 'long_description': '', 'tags': []}]}"
/US FEDERAL GOVERNMENT/[digitalregistry] Department of Agriculture (2098),[digitalregistry] Department of Agriculture (2098),"{'id': 2098, 'name': 'Department of Agriculture', 'url': 'https://usda.gov', 'abbreviation': 'USDA', 'domain': 'usda.gov', 'digital_analytics_path': 'agriculture', 'mission_statement': 'To serve all Americans by providing effective, innovative, science-based public policy leadership in agriculture, food and nutrition, natural resource protection and management, rural development, and related issues with a commitment to deliver equitable and climate-smart opportunities that inspire and help America thrive.', 'mission_statement_url': 'https://www.usda.gov/', 'performance_url': 'https://www.usda.gov/our-agency/about-usda/performance', 'strategic_plan_url': 'https://www.usda.gov/obpa/home', 'learning_agenda_url': 'https://www.usda.gov/our-agency/about-usda/performance', 'cfo_act_agency': True, 'digital_service_accounts': [{'name': 'U.S. Department of Agriculture', 'contacts': [], 'service': 'facebook', 'service_url': 'http://facebook.com/usda', 'account': 'Facebook', 'language': 'English', 'status': 'published', 'tags': ['Merrigan', 'Vilsack', 'USDA', 'food safety', 'nutrition', 'rural', 'agriculture']}]}"
/US FEDERAL GOVERNMENT/[digitalregistry] US Geological Survey (2104),[digitalregistry] US Geological Survey (2104),"{'id': 2104, 'name': 'US Geological Survey', 'url': 'https://www.usgs.gov/', 'abbreviation': 'USGS', 'domain': 'usgs.gov', 'cfo_act_agency': False, 'digital_service_accounts': [{'name': 'USGS (Facebook)', 'contacts': [{'email': 'everettel@usgs.gov'}, {'email': 'shorvath@usgs.gov'}], 'service': 'facebook', 'service_url': 'http://facebook.com/USGeologicalSurvey', 'account': 'Facebook', 'language': 'English', 'status': 'published', 'short_description': '', 'long_description': '', 'tags': ['tools', 'technology', 'data', 'news', 'volcanoes', 'tsunamis', 'landslides', 'floods', 'hurricanes', 'wildfires', 'geology', 'Maps', 'geography', 'biology', 'earthquakes', 'natural hazards', 'minerals', 'ecosystems', 'Climate change', 'science', 'environment', 'Energy', 'water']}]}"
/US FEDERAL GOVERNMENT/[digitalregistry] Department of the Interior (2135),[digitalregistry] Department of the Interior (2135),"{'id': 2135, 'name': 'Department of the Interior', 'url': 'https://www.doi.gov/', 'abbreviation': 'DOI', 'domain': 'doi.gov', 'digital_analytics_path': '', 'mission_statement': 'Protect and manage the Nation’s natural resources and cultural heritage; provide scientific and other information about those resources; and honor its trust responsibilities or special commitments to American Indians, Alaska Natives, Native Hawaiians, and affiliated Island Communities.', 'mission_statement_url': 'https://www.doi.gov/', 'performance_url': 'https://www.doi.gov/performance/performance-reports', 'strategic_plan_url': 'https://www.doi.gov/performance/strategic-planning', 'learning_agenda_url': 'https://www.doi.gov/performance/evidence-doi', 'cfo_act_agency': True, 'digital_service_accounts': [{'name': 'USGS (Facebook)', 'contacts': [{'email': 'everettel@usgs.gov'}, {'email': 'shorvath@usgs.gov'}], 'service': 'facebook', 'service_url': 'http://facebook.com/USGeologicalSurvey', 'account': 'Facebook', 'language': 'English', 'status': 'published', 'short_description': '', 'long_description': '', 'tags': ['tools', 'technology', 'data', 'news', 'volcanoes', 'tsunamis', 'landslides', 'floods', 'hurricanes', 'wildfires', 'geology', 'Maps', 'geography', 'biology', 'earthquakes', 'natural hazards', 'minerals', 'ecosystems', 'Climate change', 'science', 'environment', 'Energy', 'water']}]}"
/US FEDERAL GOVERNMENT/[digitalregistry] National Oceanic and Atmospheric Administration (2166),[digitalregistry] National Oceanic and Atmospheric Administration (2166),"{'id': 2166, 'name': 'National Oceanic and Atmospheric Administration', 'url': 'https://www.noaa.gov/', 'abbreviation': 'NOAA', 'domain': 'noaa.gov', 'digital_analytics_path': '', 'mission_statement': '', 'cfo_act_agency': False, 'digital_service_accounts': [{'name': 'National Ocean Service', 'contacts': [], 'service': 'facebook', 'service_url': 'http://facebook.com/usoceangov', 'account': 'Facebook', 'language': 'English', 'status': 'published', 'short_description': ""NOAA's National Ocean Service is the nation's premier federal science agency for ocean and coasts. This is the official Facebook account of NOAA's National Ocean Service."", 'long_description': 'The National Ocean Service (NOS) is on the front lines in understanding, predicting, and responding to the challenges facing our ocean and coasts. \r\n\r\nMore than half of the U.S. population lives in coastal areas, including the Great Lakes. Coastal areas contribute $7.9 trillion to the U.S. economy.\r\n\r\nTo keep coastal communities, economies, and environments safe, NOS is protecting and restoring coastal habitats, reducing impacts associated with coastal development and other uses, and protecting coastal water quality and quantity to prevent illness and sustain ecosystems. We are working to enhance coastal resiliency and reduce impacts from coastal hazards such as spills, storms, and climate change. Website: http://oceanservice.noaa.gov/ \r\n', 'tags': ['national marine sanctuaries', 'marine protected areas', 'currents', 'tides', 'geodesy', 'coast', 'surveying', 'nautical charts', 'ocean', 'science', 'environment']}]}"
/US FEDERAL GOVERNMENT/[digitalregistry] Office of Personnel Management  (2106),[digitalregistry] Office of Personnel Management  (2106),"{'id': 2106, 'name': 'Office of Personnel Management ', 'url': 'https://www.opm.gov/', 'abbreviation': 'OPM', 'domain': 'opm.gov', 'digital_analytics_path': '', 'mission_statement': 'We are champions of talent for the Federal Government. We lead Federal agencies in workforce policies, programs, and benefits in service to the American people.', 'mission_statement_url': 'https://www.opm.gov/', 'performance_url': 'https://www.opm.gov/about-us/budget-performance/', 'strategic_plan_url': 'https://www.opm.gov/about-us/strategic-plan/', 'learning_agenda_url': 'https://www.opm.gov/about-us/strategic-plan/evidence-building/learning-agenda', 'cfo_act_agency': True, 'digital_service_accounts': [{'name': 'Office of Personnel and Management', 'contacts': [], 'service': 'facebook', 'service_url': 'http://facebook.com/USOPM', 'account': 'Facebook', 'language': 'English', 'status': 'published', 'short_description': 'Facebook USOPM', 'long_description': '', 'tags': []}]}"
/US FEDERAL GOVERNMENT/[digitalregistry] US Fish and Wildlife (2128),[digitalregistry] US Fish and Wildlife (2128),"{'id': 2128, 'name': 'US Fish and Wildlife', 'url': 'https://fws.gov/', 'abbreviation': 'FWS', 'domain': 'fws.gov', 'cfo_act_agency': False, 'digital_service_accounts': [{'name': 'USFWS Ash Meadows National Wildlife Refuge', 'contacts': [{'email': 'michael_dagostino@fws.gov'}, {'email': 'rebecca_fabbri@fws.gov'}], 'service': 'facebook', 'service_url': 'https://facebook.com/AshMeadowsNWR', 'account': 'Facebook', 'language': 'English', 'status': 'published', 'short_description': 'Located in Nevada', 'long_description': '', 'tags': []}]}"
/US FEDERAL GOVERNMENT/[digitalregistry] Environmental Protection Agency (2095),[digitalregistry] Environmental Protection Agency (2095),"{'id': 2095, 'name': 'Environmental Protection Agency', 'url': 'https://www.epa.gov/', 'abbreviation': 'EPA', 'domain': 'epa.gov', 'digital_analytics_path': '', 'mission_statement': 'To Protect Human Health and the Environment', 'mission_statement_url': 'https://www.epa.gov/', 'performance_url': 'https://www.epa.gov/planandbudget', 'strategic_plan_url': 'https://www.epa.gov/planandbudget/strategicplan', 'learning_agenda_url': 'https://www.epa.gov/evaluate', 'cfo_act_agency': True, 'digital_products': [{'contacts': [{'email': 'widener.charles@epa.gov'}], 'language': 'English', 'status': 'published', 'short_description': 'Practice sun safety; check the UV Index and air quality ratings wherever you are.', 'long_description': ""<p>Note: To install the UV Index App on an Android device outside of Android's Google Play, you will need to enable Unknown Sources. On your Android phone, go to Settings and Application Settings and check the Unknown Sources checkbox. After the UV Index App is downloaded and installed, you may uncheck the Unknown Sources checkbox.</p><p>Use your mobile device to check the UV Index and air quality ratings wherever you are.</p>"", 'tags': []}], 'digital_service_accounts': []}"
/US FEDERAL GOVERNMENT/[digitalregistry] Library of Congress (2169),[digitalregistry] Library of Congress (2169),"{'id': 2169, 'name': 'Library of Congress', 'url': 'https://loc.gov/', 'abbreviation': 'LOC', 'domain': 'loc.gov', 'digital_analytics_path': '', 'mission_statement': '', 'cfo_act_agency': False, 'digital_products': [{'contacts': [], 'language': 'English', 'status': 'published', 'short_description': 'Read the daily edition of the Congressional Record on your iPad.', 'long_description': '<p>Read the daily edition of the Congressional Record on your iPad, iPhone or iTouch. The Congressional Record App is presented by the Library of Congress using data provided by the Office of the Clerk of the U.S. House of Representatives, the Office of the Secretary of the Senate, and the Government Printing Office.</p><p>With this app you can:</p><ul><li>Browse editions of the Congressional Record by date: January 4, 1995 (the 104th Congress, 1st Session) to the present</li><li>Copy text within documents</li><li>Perform keyword searches within individual documents or sections within documents</li><li>Share documents via email</li><li>Save documents to your preferred PDF reader</li><li>Identify the latest bills and resolutions considered daily on the floor of the U.S. House of Representatives</li><li>Identify the latest bills, resolutions, treaties, and nominations considered daily on the floor of the U.S. Senate</li></ul><p>The Congressional Record contains the debates, proceedings, and activities of the Congress of the United States. The Congressional Record is published in four parts: House of Representatives, Senate, Extension of Remarks, and Daily Digest. The Daily Digest provides a summary of the day’s activities.</p></div>', 'tags': []}], 'digital_service_accounts': []}"
/US FEDERAL GOVERNMENT/[digitalregistry] National Institutes of Health (2142),[digitalregistry] National Institutes of Health (2142),"{'id': 2142, 'name': 'National Institutes of Health', 'url': 'https://www.nih.gov/', 'abbreviation': 'NIH', 'domain': 'nih.gov', 'cfo_act_agency': False, 'digital_service_accounts': [{'name': 'Instituto Nacional del Cáncer', 'contacts': [], 'service': 'facebook', 'service_url': 'http://facebook.com/cancer.govEspanol', 'account': 'Facebook', 'language': 'Spanish', 'status': 'published', 'short_description': 'El Instituto Nacional del Cáncer (NCI) es la agencia federal de los Estados Unidos dedicada a la investigación del cáncer.', 'long_description': '¡Bienvenidos a la cuenta oficial del NCI! El Instituto Nacional del Cáncer (NCI) es la agencia federal de los Estados Unidos dedicada a la investigación del cáncer. Conéctese aquí, llame al 1-800-422-6237 o visite www.cancer.gov/espanol. For questions about this account, please contact Meghan Alleyne or Carolina Spencer. For overall questions about NCI social media, please contact Jennifer Dorsey. For emergencies related to this account, please contact Meghan Alleyne, Carolina Spencer or Jennifer Dorsey.', 'tags': ['cancer', 'research']}]}"
/US FEDERAL GOVERNMENT/[digitalregistry] Department of Energy (2110),[digitalregistry] Department of Energy (2110),"{'id': 2110, 'name': 'Department of Energy', 'url': 'https://www.energy.gov/', 'abbreviation': 'DOE', 'domain': 'doe.gov', 'digital_analytics_path': '', 'mission_statement': '', 'mission_statement_url': 'https://www.energy.gov/', 'performance_url': 'https://www.energy.gov/budget-performance', 'strategic_plan_url': 'https://www.energy.gov/budget-performance', 'learning_agenda_url': 'https://www.evaluation.gov/agencies/department-of-energy/', 'cfo_act_agency': True, 'digital_service_accounts': [{'name': 'Office of Energy Efficiency and Renewable Energy', 'contacts': [], 'service': 'facebook', 'service_url': 'http://facebook.com/eeregov', 'account': 'Facebook', 'language': 'English', 'status': 'published', 'tags': []}]}"
/US FEDERAL GOVERNMENT/[digitalregistry] Federal Energy Regulatory Commission (2153),[digitalregistry] Federal Energy Regulatory Commission (2153),"{'id': 2153, 'name': 'Federal Energy Regulatory Commission', 'url': 'https://ferc.gov/', 'abbreviation': 'FERC', 'domain': 'ferc.gov', 'digital_analytics_path': '', 'cfo_act_agency': False, 'digital_service_accounts': [{'name': 'Federal Energy Regulatory Commission', 'contacts': [], 'service': 'twitter', 'service_url': 'http://twitter.com/ferc', 'account': 'Twitter', 'language': 'English', 'status': 'published', 'short_description': '', 'long_description': '', 'tags': []}]}"
/US FEDERAL GOVERNMENT/[digitalregistry] Corporation for National and Community Service (2175),[digitalregistry] Corporation for National and Community Service (2175),"{'id': 2175, 'name': 'Corporation for National and Community Service', 'url': 'https://americorps.gov/', 'abbreviation': 'AMERICORPS', 'domain': 'americorps.gov', 'digital_analytics_path': '', 'mission_statement': '', 'cfo_act_agency': False, 'digital_service_accounts': [{'name': 'AmeriCorps', 'contacts': [], 'service': 'youtube', 'service_url': 'http://youtube.com/nationalservice', 'account': 'Youtube', 'language': 'English', 'status': 'published', 'short_description': 'AmeriCorps, a federal agency, brings people together to tackle the country’s most pressing challenges, through national service and volunteering. ', 'long_description': 'AmeriCorps, a federal agency, brings people together to tackle the country’s most pressing challenges, through national service and volunteering.  AmeriCorps members and AmeriCorps Seniors volunteers serve with organizations dedicated to the improvement of communities.  AmeriCorps helps make service to others a cornerstone of our national culture.  Learn more at AmeriCorps.gov.', 'tags': []}]}"
/US FEDERAL GOVERNMENT/[digitalregistry] Federal Reserve Board (2271),[digitalregistry] Federal Reserve Board (2271),"{'id': 2271, 'name': 'Federal Reserve Board', 'url': 'https://www.federalreserve.gov/', 'abbreviation': 'FRB', 'domain': 'frb.gov', 'digital_analytics_path': '', 'mission_statement': '', 'cfo_act_agency': False, 'digital_service_accounts': [{'name': 'Federal Reserve', 'contacts': [{'email': 'laura.milner@frb.gov'}], 'service': 'youtube', 'service_url': 'http://youtube.com/FedReserveBoard', 'account': 'Youtube', 'language': 'English', 'status': 'published', 'short_description': '', 'long_description': '', 'tags': []}], 'digital_products': []}"
/US FEDERAL GOVERNMENT/[digitalregistry] Board of Governors of the Federal Reserve System (2256),[digitalregistry] Board of Governors of the Federal Reserve System (2256),"{'id': 2256, 'name': 'Board of Governors of the Federal Reserve System', 'url': 'https://www.federalreserve.gov/', 'abbreviation': 'FEDRESERVE', 'domain': 'federalreserve.gov', 'digital_analytics_path': '', 'mission_statement': '', 'cfo_act_agency': False, 'digital_service_accounts': [{'name': 'Federal Reserve', 'contacts': [{'email': 'laura.milner@frb.gov'}], 'service': 'youtube', 'service_url': 'http://youtube.com/FedReserveBoard', 'account': 'Youtube', 'language': 'English', 'status': 'published', 'short_description': '', 'long_description': '', 'tags': []}]}"
/US FEDERAL GOVERNMENT/[digitalregistry] Health Resources & Services Administration (2108),[digitalregistry] Health Resources & Services Administration (2108),"{'id': 2108, 'name': 'Health Resources & Services Administration', 'url': 'https://www.hrsa.gov/', 'abbreviation': 'HRSA', 'domain': 'hrsa.gov', 'digital_analytics_path': '', 'mission_statement': '', 'cfo_act_agency': False, 'digital_service_accounts': [{'name': 'HRSATube', 'contacts': [{'email': 'ocsocialmedia@hrsa.gov'}], 'service': 'youtube', 'service_url': 'http://youtube.com/hrsatube', 'account': 'Youtube', 'language': 'English', 'status': 'published', 'short_description': 'Official Youtube channel for HRSA', 'long_description': '', 'tags': []}]}"
/US FEDERAL GOVERNMENT/[digitalregistry] Department of State (2130),[digitalregistry] Department of State (2130),"{'id': 2130, 'name': 'Department of State', 'url': 'https://www.state.gov', 'abbreviation': 'DOS', 'domain': 'state.gov', 'digital_analytics_path': '', 'mission_statement': 'To protect and promote U.S. security, prosperity, and democratic values and shape an international environment in which all Americans can thrive.', 'mission_statement_url': 'https://www.state.gov/', 'performance_url': 'https://www.state.gov/plans-performance-budget/performance-plans-and-reports/', 'strategic_plan_url': 'https://www.state.gov/joint-strategic-plan/', 'learning_agenda_url': 'https://www.evaluation.gov/agencies/department-of-state/', 'cfo_act_agency': True, 'digital_service_accounts': [{'name': 'U.S. Department of State', 'contacts': [], 'service': 'instagram', 'service_url': 'https://www.instagram.com/statedept/', 'account': 'Instagram', 'language': 'English', 'status': 'published', 'short_description': '', 'long_description': '', 'tags': []}]}"
/US FEDERAL GOVERNMENT/[digitalregistry] Consumer Product Safety Commission (2195),[digitalregistry] Consumer Product Safety Commission (2195),"{'id': 2195, 'name': 'Consumer Product Safety Commission', 'url': 'https://www.cpsc.gov/', 'abbreviation': 'CPSC', 'domain': 'cpsc.gov', 'digital_analytics_path': '', 'mission_statement': '', 'cfo_act_agency': False, 'digital_service_accounts': [{'name': 'Consumer Product Safety Commission', 'contacts': [{'email': 'jgalbo@cpsc.gov'}], 'service': 'flickr', 'service_url': 'http://flickr.com/photos/uscpsc', 'account': 'Flickr', 'language': 'English', 'status': 'published', 'short_description': 'Official Flickr account of the Consumer Product Safety Commission', 'long_description': '', 'tags': []}]}"
/US FEDERAL GOVERNMENT/[digitalregistry] Federal Trade Commission (2205),[digitalregistry] Federal Trade Commission (2205),"{'id': 2205, 'name': 'Federal Trade Commission', 'url': 'https://www.ftc.gov/', 'abbreviation': 'FTC', 'domain': 'ftc.gov', 'digital_analytics_path': '', 'mission_statement': '', 'cfo_act_agency': False, 'digital_service_accounts': [{'name': 'FTC Chief Technologist', 'contacts': [], 'service': 'twitter', 'service_url': 'http://twitter.com/techFTC', 'account': 'Twitter', 'language': 'English', 'status': 'published', 'short_description': ""FTC's technology Twitter page managed by agency's Chief Technologist (currently vacant)"", 'long_description': '', 'tags': []}]}"
/US FEDERAL GOVERNMENT/[digitalregistry] Architect of the Capitol (2249),[digitalregistry] Architect of the Capitol (2249),"{'id': 2249, 'name': 'Architect of the Capitol', 'url': 'https://www.aoc.gov/', 'abbreviation': 'AOC', 'domain': 'aoc.gov', 'digital_analytics_path': '', 'mission_statement': '', 'cfo_act_agency': False, 'digital_service_accounts': [{'name': 'Architect of the Capitol', 'contacts': [], 'service': 'flickr', 'service_url': 'http://flickr.com/photos/uscapitol', 'account': 'Flickr', 'language': 'English', 'status': 'published', 'short_description': 'Serve | Preserve | Inspire — Stewards of the iconic buildings and grounds of Capitol Hill since 1793.', 'long_description': 'Serving Congress and the Supreme Court, the Architect of the Capitol (AOC) is the builder and steward of the landmark buildings and grounds of Capitol Hill. The AOC staff preserves and maintains the historic buildings, monuments, art and inspirational gardens on the Capitol campus. Recognizing the trust placed in us by Congress and the American people, the AOC team is committed to providing a safe environment and inspiring experiences for all who work and visit the symbol of American democracy.', 'tags': ['legislative branch', 'Capitol']}]}"
/US FEDERAL GOVERNMENT/[digitalregistry] Department of Defense (2127),[digitalregistry] Department of Defense (2127),"{'id': 2127, 'name': 'Department of Defense', 'url': 'https://www.defense.gov/', 'abbreviation': 'DOD', 'domain': 'mail.mil', 'digital_analytics_path': '', 'mission_statement': ""Provide the military forces needed to deter war and ensure our nation's security."", 'mission_statement_url': 'https://www.defense.gov/', 'performance_url': 'https://dam.defense.gov/Performance/', 'strategic_plan_url': 'https://dam.defense.gov/Portals/47/Documents/DoD_Strategic_Management_Plan_FY22-26.pdf', 'learning_agenda_url': 'https://www.evaluation.gov/agencies/department-of-defense/', 'cfo_act_agency': True, 'digital_service_accounts': [{'name': 'National Museum of Health and Medicine', 'contacts': [], 'service': 'facebook', 'service_url': 'http://facebook.com/medicalmuseum', 'account': 'Facebook', 'language': 'English', 'status': 'published', 'short_description': 'National Museum of Health and Medicine. (Official page.) DoD museum since 1862. Hist. of Amer. medicine/Amer. military medicine.', 'long_description': 'National Museum of Health and Medicine. (Official page.) Department of Defense museum since 1862. Past/present/future of the history of American military medicine.', 'tags': ['historic', 'medicine', 'military', 'history', 'medical']}]}"
/US FEDERAL GOVERNMENT/[digitalregistry] United States Agency for International Development (2148),[digitalregistry] United States Agency for International Development (2148),"{'id': 2148, 'name': 'United States Agency for International Development', 'url': 'https://www.usaid.gov/', 'abbreviation': 'USAID', 'domain': 'usaid.gov', 'digital_analytics_path': '', 'mission_statement': ""We work to build a freer, more equitable and more humane world by amplifying local voices, advancing sustainable progress, and tackling the world's toughest problems. "", 'mission_statement_url': 'https://www.usaid.gov/', 'performance_url': 'https://www.usaid.gov/results-and-data/progress-data/annual-performance-report', 'strategic_plan_url': 'https://www.usaid.gov/results-and-data/planning', 'learning_agenda_url': 'https://www.evaluation.gov/agencies/agency-for-international-development/', 'cfo_act_agency': True, 'digital_service_accounts': [{'name': ""USAID's Bureau for Humanitarian Assistance  "", 'contacts': [{'email': 'gyour@usaid.gov'}], 'service': 'twitter', 'service_url': 'http://twitter.com/@USAIDSavesLives', 'account': 'Twitter', 'language': 'English', 'status': 'published', 'short_description': ""USAID's Bureau for Humanitarian Assistance saves lives on behalf of the American people."", 'long_description': 'USAID’s Bureau for Humanitarian Assistance (BHA) leads and coordinates the U.S. Government’s humanitarian assistance efforts overseas. Helping people affected by disasters is at the core of what BHA does every day, all over the world. The Bureau responds to an average of 75 disasters in more than 70 countries every year, ensuring that aid reaches people affected by natural disasters, including hurricanes, earthquakes, and volcanoes, as well as protracted crises, such as drought and conflict. We also support food insecure refugees fleeing war, violence, or persecution.', 'tags': ['humanitarian', 'disasters']}]}"
/US FEDERAL GOVERNMENT/[digitalregistry] Food and Drug Administration (2273),[digitalregistry] Food and Drug Administration (2273),"{'id': 2273, 'name': 'Food and Drug Administration', 'url': 'https://www.fda.gov/', 'abbreviation': 'FDA', 'domain': 'fda.gov', 'digital_analytics_path': '', 'mission_statement': '', 'cfo_act_agency': False, 'digital_service_accounts': [{'name': 'FDA en Español', 'contacts': [], 'service': 'twitter', 'service_url': 'http://twitter.com/FDAenEspanol', 'account': 'Twitter', 'language': 'Spanish', 'status': 'published', 'short_description': 'Encuentra las últimas noticias de la Administración de Alimentos y Medicamentos de los E.U. ', 'long_description': 'Encuentra las últimas noticias de la Administración de Alimentos y Medicamentos de los E.U. ', 'tags': ['espanol', 'tabaco', 'apratos medicos', 'cosmeticos', 'medicamentos', 'alimentos', 'health fraud', 'medical devices', 'cosmetics', 'drugs', 'Food Safet', 'food safety']}]}"
/US FEDERAL GOVERNMENT/[digitalregistry] National Park Service (2141),[digitalregistry] National Park Service (2141),"{'id': 2141, 'name': 'National Park Service', 'url': 'https://www.nps.gov/index.htm', 'abbreviation': 'NPS', 'domain': 'nps.gov', 'cfo_act_agency': False, 'digital_service_accounts': [{'name': 'Denali National Park', 'contacts': [{'email': 'alex_lindeman@nps.gov'}], 'service': 'facebook', 'service_url': 'http://facebook.com/denalinps', 'account': 'Facebook', 'language': 'English', 'status': 'published', 'short_description': 'Facebook page for Denali National Park and Preserve', 'long_description': 'Facebook page for Denali National Park and Preserve', 'tags': ['mount mckinley', 'denali', 'alaska', 'wildlife']}]}"
/US FEDERAL GOVERNMENT/[digitalregistry] U.S. Government Publishing Office (2267),[digitalregistry] U.S. Government Publishing Office (2267),"{'id': 2267, 'name': 'U.S. Government Publishing Office', 'url': 'https://www.gpo.gov/', 'abbreviation': 'GPO', 'domain': 'gpo.gov', 'digital_analytics_path': '', 'mission_statement': '', 'cfo_act_agency': False, 'digital_service_accounts': [{'name': 'U.S. Government Publishing Office Pinterest', 'contacts': [{'email': 'cgoergen@gpo.gov'}], 'service': 'pinterest', 'service_url': 'https://www.pinterest.com/usgpo/', 'account': 'Pinterest', 'language': 'English', 'status': 'published', 'short_description': 'The Pinterest Page for the U.S. Government Publishing Office', 'long_description': '', 'tags': ['secure', 'official', 'eBooks', 'government publications', 'U.S. Passport', 'FDsys', 'Federal Digital System', 'gpo', 'Government Printing Office', 'apps', 'digital']}]}"
/US FEDERAL GOVERNMENT/[digitalregistry] National Nuclear Security Administration (2272),[digitalregistry] National Nuclear Security Administration (2272),"{'id': 2272, 'name': 'National Nuclear Security Administration', 'url': 'https://www.energy.gov/nnsa/national-nuclear-security-administration', 'abbreviation': 'NNSA', 'domain': 'nnsa.gov', 'digital_analytics_path': '', 'mission_statement': '', 'cfo_act_agency': False, 'digital_service_accounts': [{'name': 'Sandia National Laboratories', 'contacts': [], 'service': 'twitter', 'service_url': 'http://twitter.com/SandiaLabs', 'account': 'Twitter', 'language': 'English', 'status': 'published', 'short_description': 'U.S. Energy labs dedicated to securing a peaceful and free world through science and technology. This is the official account for Sandia National Labs.', 'long_description': '', 'tags': ['nonproliferation', 'National security', 'security', 'nuclear', 'engineering', 'defense', 'technology', 'innovation', 'science', 'Energy']}]}"
/US FEDERAL GOVERNMENT/[digitalregistry] United States Air Force (2117),[digitalregistry] United States Air Force (2117),"{'id': 2117, 'name': 'United States Air Force', 'url': 'https://www.af.mil/', 'abbreviation': 'USAF', 'domain': 'af.mil', 'cfo_act_agency': False, 'digital_service_accounts': [{'name': 'Civil Air Patrol National Capital Wing', 'contacts': [], 'service': 'facebook', 'service_url': 'http://facebook.com/NatCapWing', 'account': 'Facebook', 'language': 'English', 'status': 'published', 'short_description': '', 'long_description': '', 'tags': []}]}"
/US FEDERAL GOVERNMENT/[digitalregistry] U.S. Army (2126),[digitalregistry] U.S. Army (2126),"{'id': 2126, 'name': 'U.S. Army', 'url': 'https://www.army.mil/', 'abbreviation': 'ARMY', 'domain': 'army.mil', 'cfo_act_agency': False, 'digital_products': [{'contacts': [], 'language': 'English', 'status': 'published', 'short_description': 'Army Housing IPhone App', 'long_description': 'The Army Housing Online User Services (AHOUS) IPhone App allows for Servicemembers & Families a single point of entry for all their housing needs.  ', 'tags': []}], 'digital_service_accounts': []}"
/US FEDERAL GOVERNMENT/[digitalregistry] Department of Veterans Affairs (2129),[digitalregistry] Department of Veterans Affairs (2129),"{'id': 2129, 'name': 'Department of Veterans Affairs', 'url': 'https://va.gov', 'abbreviation': 'VA', 'domain': 'va.gov', 'digital_analytics_path': '', 'mission_statement': ""To fulfill President Lincoln's promise, “To care for him who shall have borne the battle and for his widow and his orphan”. "", 'mission_statement_url': 'https://www.va.gov/', 'performance_url': 'https://www.va.gov/performance/', 'strategic_plan_url': 'https://www.va.gov/performance/', 'learning_agenda_url': 'https://www.va.gov/performance/', 'cfo_act_agency': True, 'digital_service_accounts': [{'name': '@RMIRECC', 'contacts': [], 'service': 'twitter', 'service_url': 'http://twitter.com/rmirecc', 'account': 'Twitter', 'language': 'English', 'status': 'published', 'short_description': 'The mission of the Rocky Mountain MIRECC (Mental Illness Research, Education and Clinical Center) for Suicide Prevention is to study suicide with the goal of reducing suicidal ideation and behaviors in the Veteran population.', 'long_description': 'The mission of the Rocky Mountain MIRECC (Mental Illness Research, Education and Clinical Center) for Suicide Prevention is to study suicide with the goal of reducing suicidal ideation and behaviors in the Veteran population. Towards this end, the work of the Rocky Mountain MIRECC is focused on promising clinical and public health interventions, as well as the cognitive and neurobiological underpinnings of suicidal thoughts and behaviors that may lead to innovative prevention strategies. The vision of the Rocky Mountain MIRECC is: Veterans, their families, and the VHA will have increased information and options to make health decisions aimed at decreasing suicide risk.', 'tags': []}]}"
/US FEDERAL GOVERNMENT/[digitalregistry] U.S. Bureau of Reclamation (2157),[digitalregistry] U.S. Bureau of Reclamation (2157),"{'id': 2157, 'name': 'U.S. Bureau of Reclamation', 'url': 'https://www.usbr.gov/', 'abbreviation': 'USBR', 'domain': 'usbr.gov', 'digital_analytics_path': '', 'cfo_act_agency': False, 'digital_service_accounts': [{'name': 'Bureau of Reclamation', 'contacts': [{'email': 'dnagle@usbr.gov'}], 'service': 'facebook', 'service_url': 'https://www.facebook.com/bureau.of.reclamation/', 'account': 'Facebook', 'language': 'English', 'status': 'published', 'short_description': 'Bureau of Reclamation', 'long_description': 'Delivering reliable water supplies for agriculture, renewable hydropower and municipal needs in an environmentally and economically sound manner.', 'tags': []}]}"
/US FEDERAL GOVERNMENT/[digitalregistry] U.S. Agency for Global Media (2168),[digitalregistry] U.S. Agency for Global Media (2168),"{'id': 2168, 'name': 'U.S. Agency for Global Media', 'url': 'https://www.usagm.gov/', 'abbreviation': 'USAGM', 'domain': 'usagm.gov', 'digital_analytics_path': '', 'mission_statement': '', 'cfo_act_agency': False, 'digital_service_accounts': [{'name': 'Voice of America - VOA', 'contacts': [{'email': 'mcoimbra@usagm.gov'}], 'service': 'facebook', 'service_url': 'https://www.facebook.com/voiceofamerica', 'account': 'Facebook', 'language': 'English', 'status': 'published', 'short_description': 'Voice of America is an international news network that is part of the U.S. government, broadcasting in 44 languages to audiences around the world. This is the official Facebook page for the English news service of VOA. ', 'long_description': 'Voice of America is an international news network that is part of the U.S. government, broadcasting in 44 languages to audiences around the world. This is the official Facebook page for the English news service of VOA. \r\nWebsite: http://www.voanews.com\r\nTwitter: @VOANews\r\nTerms of Use: http://bit.ly/1QpuWFs', 'tags': []}]}"
/US FEDERAL GOVERNMENT/[digitalregistry] Federal Emergency Management Agency (2152),[digitalregistry] Federal Emergency Management Agency (2152),"{'id': 2152, 'name': 'Federal Emergency Management Agency', 'url': 'https://www.fema.gov/', 'abbreviation': 'FEMA', 'domain': 'fema.dhs.gov', 'digital_analytics_path': '', 'cfo_act_agency': False, 'digital_service_accounts': [{'name': 'William Booher', 'contacts': [], 'service': 'twitter', 'service_url': 'https://twitter.com/femaspox', 'account': 'Twitter', 'language': 'English', 'status': 'published', 'short_description': 'Twitter account for the Director of Public Affairs at the Federal Emergency Management Agency ', 'long_description': 'Director of Public Affairs, Federal Emergency Management Agency ', 'tags': []}]}"
/US FEDERAL GOVERNMENT/[digitalregistry] U.S. Courts (2162),[digitalregistry] U.S. Courts (2162),"{'id': 2162, 'name': 'U.S. Courts', 'url': 'https://www.uscourts.gov/', 'abbreviation': 'USC', 'domain': 'uscourts.gov', 'digital_analytics_path': '', 'mission_statement': '', 'cfo_act_agency': False, 'digital_service_accounts': [{'name': 'United States Courts', 'contacts': [{'email': 'tyrus_manuel@ao.uscourts.gov'}], 'service': 'linkedin', 'service_url': 'https://www.linkedin.com/company/us-courts', 'account': 'Linkedin', 'language': 'English', 'status': 'published', 'short_description': 'The official LinkedIn account for the United States Courts. ', 'long_description': 'The official main LinkedIn account and umbrella for the entire Federal Judiciary. Federal courts and other judiciary units will have individual LinkedIn accounts but should be registered here.', 'tags': []}]}"
/US FEDERAL GOVERNMENT/[digitalregistry] Indian Health Service (2245),[digitalregistry] Indian Health Service (2245),"{'id': 2245, 'name': 'Indian Health Service', 'url': 'https://www.ihs.gov/', 'abbreviation': 'IHS', 'domain': 'ihs.gov', 'digital_analytics_path': '', 'mission_statement': '', 'cfo_act_agency': False, 'digital_service_accounts': [{'name': 'Indian Health Service', 'contacts': [], 'service': 'linkedin', 'service_url': 'https://www.linkedin.com/company/indian-health-service', 'account': 'Linkedin', 'language': 'English', 'status': 'published', 'short_description': 'IHS Recruitment', 'long_description': 'The Indian Health Service (IHS), an agency within the US Department of Health and Human Services (HHS), provides federal health services to American Indians and Alaska Natives through a network of hospitals, clinics and public outreach programs throughout the country. IHS offers clinicians extraordinary opportunities for providing comprehensive care to a medically underserved patient population within culturally diverse Native communities. IHS clinicians live and practice in some of the most spectacular Areas of the country, in rural locations where there is great demand for generalists in clinical settings, as well as for specialists in hospital settings. IHS offers three employment options: Clinicians can join IHS as federal civil service employees, as direct Tribal/Urban Indian hires or as officers of the US Public Health Service (USPHS) Commissioned Corps. Each path offers generous vacation, sick leave, benefit and retirement packages, as well as possibilities for sign-up bonuses. Clinicians are also eligible to apply for the IHS Loan Repayment Program, which repays eligible health profession education loans — up to $20,000 per year — for a two-year service commitment at an eligible site within their health profession discipline. \r\n', 'tags': []}]}"
/US FEDERAL GOVERNMENT/[digitalregistry] Peace Corps (2161),[digitalregistry] Peace Corps (2161),"{'id': 2161, 'name': 'Peace Corps', 'url': 'https://www.peacecorps.gov/', 'abbreviation': 'PC', 'domain': 'peacecorps.gov', 'digital_analytics_path': '', 'mission_statement': '', 'cfo_act_agency': False, 'digital_service_accounts': [{'name': 'Peace Corps Journey', 'contacts': [], 'service': 'twitter', 'service_url': 'http://twitter.com/gopeacecorps', 'account': 'Twitter', 'language': 'English', 'status': 'published', 'short_description': 'The official Peace Corps recruitment Twitter account', 'long_description': ""Welcome to the official Peace Corps Recruitment Twitter! We'll help you make the most of your world. "", 'tags': []}]}"
/US FEDERAL GOVERNMENT/[digitalregistry] U.S. Citizenship and Immigration Services (2134),[digitalregistry] U.S. Citizenship and Immigration Services (2134),"{'id': 2134, 'name': 'U.S. Citizenship and Immigration Services', 'url': 'https://www.uscis.gov/', 'abbreviation': 'USCIS', 'domain': 'uscis.dhs.gov', 'digital_analytics_path': '', 'mission_statement': '', 'cfo_act_agency': False, 'digital_service_accounts': [{'name': 'USCIS', 'contacts': [], 'service': 'twitter', 'service_url': 'https://twitter.com/uscis', 'account': 'Twitter', 'language': 'English', 'status': 'published', 'short_description': 'Official Twitter channel of U.S. Citizenship and Immigration Services.', 'long_description': 'Official Twitter channel of U.S. Citizenship and Immigration Services.', 'tags': []}]}"
/US FEDERAL GOVERNMENT/[digitalregistry] Department of Homeland Security (2139),[digitalregistry] Department of Homeland Security (2139),"{'id': 2139, 'name': 'Department of Homeland Security', 'url': 'https://www.dhs.gov/', 'abbreviation': 'DHS', 'domain': 'dhs.gov', 'digital_analytics_path': '', 'mission_statement': 'With honor and integrity, we will safeguard the American people, our homeland and our values.', 'mission_statement_url': 'https://www.dhs.gov/', 'performance_url': 'https://www.dhs.gov/performance-financial-reports', 'strategic_plan_url': 'https://www.dhs.gov/strategic-planning', 'learning_agenda_url': 'https://www.evaluation.gov/agencies/department-of-homeland-security/', 'cfo_act_agency': True, 'digital_service_accounts': [{'name': 'CBPgov', 'contacts': [], 'service': 'instagram', 'service_url': 'https://www.instagram.com/cbpgov/', 'account': 'Instagram', 'language': 'English', 'status': 'published', 'short_description': 'The official Instagram account of U.S. Customs and Border Protection.', 'long_description': '', 'tags': []}]}"
/US FEDERAL GOVERNMENT/[digitalregistry] Customs and Border Protection (2093),[digitalregistry] Customs and Border Protection (2093),"{'id': 2093, 'name': 'Customs and Border Protection', 'url': 'https://cbp.dhs.gov', 'abbreviation': 'CBP', 'domain': 'dhs.gov', 'cfo_act_agency': False, 'digital_service_accounts': [{'name': 'customsborderprotect', 'contacts': [{'email': 'jonathan.d.isett@cbp.dhs.gov'}], 'service': 'youtube', 'service_url': 'https://www.youtube.com/user/customsborderprotect', 'account': 'Youtube', 'language': 'English', 'status': 'published', 'short_description': 'Official YouTube Account for U.S. Customs and Border Protection (CBP)', 'long_description': '', 'tags': []}]}"
/US FEDERAL GOVERNMENT/[digitalregistry] Navy (2112),[digitalregistry] Navy (2112),"{'id': 2112, 'name': 'Navy', 'url': 'https://www.navy.mil/', 'abbreviation': 'NAVY', 'domain': 'navy.mil', 'cfo_act_agency': False, 'digital_service_accounts': [{'name': 'DANTES_DoD', 'contacts': [{'email': 'erin.k.roberts2.civ@us.navy.mil'}], 'service': 'twitter', 'service_url': 'https://twitter.com/DANTES_DoD', 'account': 'Twitter', 'language': 'English', 'status': 'published', 'short_description': 'The Defense Activity for Non-Traditional Education Support (DANTES) helps service members and veterans pursue their educational goals and earn degrees.', 'long_description': 'The Defense Activity for Non-Traditional Education Support (DANTES) helps Service members and Veterans pursue their educational goals and earn degrees or certifications both during and after their service. DANTES is a Department of Defense component of the Defense Human Resources Activity (DHRA) that provides leadership and support for this important effort through partnerships across the education community.', 'tags': []}]}"
/US FEDERAL GOVERNMENT/[digitalregistry] United States Nuclear Regulatory Commission (2113),[digitalregistry] United States Nuclear Regulatory Commission (2113),"{'id': 2113, 'name': 'United States Nuclear Regulatory Commission', 'url': 'https://www.nrc.gov/', 'abbreviation': 'NRC', 'domain': 'nrc.gov', 'digital_analytics_path': '', 'mission_statement': 'The NRC licenses and regulates the Nation’s civilian use of radioactive materials, to provide reasonable assurance of adequate protection of public health and safety, to promote the common defense and security, and to protect the environment.', 'mission_statement_url': 'https://www.nrc.gov/about-nrc.html', 'performance_url': 'https://www.nrc.gov/about-nrc/plans-performance.html', 'strategic_plan_url': 'https://www.nrc.gov/docs/ML2206/ML22067A170.pdf', 'learning_agenda_url': 'https://www.nrc.gov/docs/ML2206/ML22066B056.pdf', 'cfo_act_agency': True, 'digital_service_accounts': [{'name': 'Nuclear Regulatory Commission', 'contacts': [{'email': 'stephanie.west@nrc.gov'}], 'service': 'flickr', 'service_url': 'https://www.flickr.com/photos/nrcgov', 'account': 'Flickr', 'language': 'English', 'status': 'published', 'short_description': '', 'long_description': '', 'tags': []}]}"
/US FEDERAL GOVERNMENT/[digitalregistry] Department of Housing and Urban Development (2096),[digitalregistry] Department of Housing and Urban Development (2096),"{'id': 2096, 'name': 'Department of Housing and Urban Development', 'url': 'https://hud.gov', 'abbreviation': 'HUD', 'domain': 'hud.gov', 'logo': {'url': 'https://cg-1b082c1b-3db7-477f-9ca5-bd51a786b41e.s3-us-gov-west-1.amazonaws.com/uploads/organization/logo/2096/hud-square.png', 'thumb': {'url': 'https://cg-1b082c1b-3db7-477f-9ca5-bd51a786b41e.s3-us-gov-west-1.amazonaws.com/uploads/organization/logo/2096/thumb_hud-square.png'}, 'card': {'url': 'https://cg-1b082c1b-3db7-477f-9ca5-bd51a786b41e.s3-us-gov-west-1.amazonaws.com/uploads/organization/logo/2096/card_hud-square.png'}, 'tag': {'url': 'https://cg-1b082c1b-3db7-477f-9ca5-bd51a786b41e.s3-us-gov-west-1.amazonaws.com/uploads/organization/logo/2096/tag_hud-square.png'}, 'logo_square': {'url': 'https://cg-1b082c1b-3db7-477f-9ca5-bd51a786b41e.s3-us-gov-west-1.amazonaws.com/uploads/organization/logo/2096/logo_square_hud-square.png'}}, 'digital_analytics_path': '', 'mission_statement': 'Create strong, sustainable, inclusive communities and quality affordable homes for all. HUD is working to strengthen the housing market to bolster the economy and protect consumers; meet the need for quality affordable rental homes; utilize housing as a platform for improving quality of life; build inclusive and sustainable communities free from discrimination; and transform the way HUD does business.', 'mission_statement_url': 'https://www.hud.gov/', 'performance_url': 'https://www.hud.gov/program_offices/spm/appr', 'strategic_plan_url': 'https://www.hud.gov/program_offices/spm/pmd', 'learning_agenda_url': 'https://www.huduser.gov/portal/about/pdr_learningagenda.html', 'cfo_act_agency': True, 'digital_service_accounts': [{'name': 'Federal Housing Finance Agency ', 'contacts': [], 'service': 'linkedin', 'service_url': 'https://www.linkedin.com/company/fhfa/', 'account': 'Linkedin', 'language': 'English', 'status': 'published', 'short_description': 'Posts by the Federal Housing Finance Agency, regulator of Fannie Mae, Freddie Mac and 11 Federal Home Loan Banks', 'long_description': ""FHFA's mission: Ensure that the housing government sponsored enterprises operate in a safe and sound manner so that they serve as a reliable source of liquidity and funding for housing finance and community investment."", 'tags': []}]}"
/US FEDERAL GOVERNMENT/[digitalregistry] Department of Education (2111),[digitalregistry] Department of Education (2111),"{'id': 2111, 'name': 'Department of Education', 'url': 'https://www.ed.gov/', 'abbreviation': 'ED', 'domain': 'ed.gov', 'mission_statement': 'Promote student achievement and preparation for global competitiveness by fostering educational excellence and ensuring equal access.', 'mission_statement_url': 'https://www.ed.gov/', 'performance_url': 'https://www2.ed.gov/about/reports/annual/index.html', 'strategic_plan_url': 'https://www2.ed.gov/about/reports/strat/index.html', 'learning_agenda_url': 'https://www.evaluation.gov/agencies/department-of-education/', 'cfo_act_agency': False, 'digital_service_accounts': [{'name': 'US Department of Education', 'contacts': [], 'service': 'twitter', 'service_url': 'https://twitter.com/usedgov', 'account': 'Twitter', 'language': 'English', 'status': 'published', 'short_description': ' News and information from the U.S. Department of Education.', 'long_description': '', 'tags': []}]}"
/US FEDERAL GOVERNMENT/[digitalregistry] National Institute of Standards and Technology (2167),[digitalregistry] National Institute of Standards and Technology (2167),"{'id': 2167, 'name': 'National Institute of Standards and Technology', 'url': 'https://www.nist.gov/', 'abbreviation': 'NIST', 'domain': 'nist.gov', 'digital_analytics_path': '', 'mission_statement': '', 'cfo_act_agency': False, 'digital_service_accounts': [{'name': ' National Center for Complementary and Integrative Health', 'contacts': [], 'service': 'facebook', 'service_url': 'https://www.facebook.com/nih.nccih', 'account': 'Facebook', 'language': 'English', 'status': 'published', 'short_description': 'As the lead government agency for research on complementary and integrative health approaches, NCCIH is dedicated to advancing the science and providing evidence-based health information on mind and body practices, natural products, pain research, & more.', 'long_description': '', 'tags': []}]}"
/US FEDERAL GOVERNMENT/[digitalregistry] Office of the Director of National Intelligence (2107),[digitalregistry] Office of the Director of National Intelligence (2107),"{'id': 2107, 'name': 'Office of the Director of National Intelligence', 'url': 'https://www.dni.gov/', 'abbreviation': 'ODNI', 'domain': 'odni.gov', 'digital_analytics_path': '', 'mission_statement': '', 'cfo_act_agency': False, 'digital_service_accounts': [{'name': 'Office of the Director of National Intelligence ', 'contacts': [], 'service': 'youtube', 'service_url': 'https://www.youtube.com/channel/UChGV60LYpVFgOWs7aeLrdEQ', 'account': 'Youtube', 'language': 'English', 'status': 'published', 'short_description': 'youtube channel for ODNI', 'long_description': '', 'tags': []}]}"
/US FEDERAL GOVERNMENT/[digitalregistry] U.S. Energy Information Administration (2264),[digitalregistry] U.S. Energy Information Administration (2264),"{'id': 2264, 'name': 'U.S. Energy Information Administration', 'url': 'https://www.eia.gov/', 'abbreviation': 'EIA', 'domain': 'eia.gov', 'digital_analytics_path': '', 'mission_statement': '', 'cfo_act_agency': False, 'digital_service_accounts': [{'name': 'U.S. Energy Information Administration', 'contacts': [{'email': 'chris.higginbotham@eia.gov'}], 'service': 'flickr', 'service_url': 'https://www.flickr.com/photos/eiagov', 'account': 'Flickr', 'language': 'English', 'status': 'published', 'short_description': 'U.S. Energy Information Administration Official Flickr account', 'long_description': 'The U.S. Energy Information Administration (EIA) collects, analyzes, and disseminates independent and impartial energy information to promote sound policymaking, efficient markets, and public understanding of energy and its interaction with the economy and the environment.', 'tags': []}]}"
/US FEDERAL GOVERNMENT/[digitalregistry] Military Health System and Defense Health Agency (2244),[digitalregistry] Military Health System and Defense Health Agency (2244),"{'id': 2244, 'name': 'Military Health System and Defense Health Agency', 'url': 'https://www.health.mil/', 'abbreviation': 'MHSDHA', 'domain': 'health.mil', 'digital_analytics_path': '', 'mission_statement': '', 'cfo_act_agency': False, 'digital_service_accounts': [{'name': 'U.S Army Public Health Center', 'contacts': [], 'service': 'facebook', 'service_url': 'https://www.facebook.com/ArmyPublicHealth', 'account': 'Facebook', 'language': 'English', 'status': 'published', 'short_description': 'APHC Official Facebook Page', 'long_description': '', 'tags': []}]}"
/US FEDERAL GOVERNMENT/[digitalregistry] National Labor Relations Board (2217),[digitalregistry] National Labor Relations Board (2217),"{'id': 2217, 'name': 'National Labor Relations Board', 'url': 'https://www.nlrb.gov/', 'abbreviation': 'NLRB', 'domain': 'nlrb.gov', 'digital_analytics_path': '', 'mission_statement': '', 'cfo_act_agency': False, 'digital_service_accounts': [{'name': 'NLRB', 'contacts': [{'email': 'tquinn@nlrb.gov'}], 'service_url': 'https://twitter.com/NLRB', 'account': 'Twitter', 'status': 'published', 'short_description': 'The Twitter account for the National Labor Relations Board', 'long_description': '', 'tags': []}]}"
/US FEDERAL GOVERNMENT/[digitalregistry] U.S. Office of Government Ethics (2182),[digitalregistry] U.S. Office of Government Ethics (2182),"{'id': 2182, 'name': 'U.S. Office of Government Ethics', 'url': 'https://www.oge.gov/', 'abbreviation': 'OGE', 'domain': 'oge.gov', 'digital_analytics_path': '', 'mission_statement': '', 'cfo_act_agency': False, 'digital_service_accounts': [{'name': 'Office of Government Ethics', 'contacts': [{'email': 'nstein@oge.gov'}], 'service_url': 'https://twitter.com/officegovethics', 'account': 'Twitter', 'status': 'published', 'short_description': '', 'long_description': '', 'tags': []}]}"
/US FEDERAL GOVERNMENT/[digitalregistry] Federal Bureau of Prisons (2269),[digitalregistry] Federal Bureau of Prisons (2269),"{'id': 2269, 'name': 'Federal Bureau of Prisons', 'url': 'https://www.bop.gov/', 'abbreviation': 'BOP', 'domain': 'bop.gov', 'digital_analytics_path': '', 'mission_statement': '', 'cfo_act_agency': False, 'digital_service_accounts': [{'name': 'Federal Bureau of Prisons', 'contacts': [{'email': 'e1weaver@bop.gov'}], 'service_url': 'https://www.facebook.com/bureauofprisons/', 'account': 'Facebook', 'status': 'published', 'short_description': 'We ensure offenders serve their sentences in facilities that are safe, humane, cost-efficient, and appropriately secure, and provide reentry programming to ensure their successful reentry.', 'long_description': 'We protect public safety by ensuring that federal offenders serve their sentences of imprisonment in facilities that are safe, humane, cost-efficient, and appropriately secure, and provide reentry programming to ensure their successful return to the community.', 'tags': []}]}"
/US FEDERAL GOVERNMENT/[digitalregistry] National Telecommunications and Information Administration (2173),[digitalregistry] National Telecommunications and Information Administration (2173),"{'id': 2173, 'name': 'National Telecommunications and Information Administration', 'url': 'https://ntia.gov/', 'abbreviation': 'NTIA', 'domain': 'ntia.gov', 'digital_analytics_path': '', 'mission_statement': '', 'cfo_act_agency': False, 'digital_service_accounts': [{'name': 'National Telecommunications and Information Administration', 'contacts': [{'email': 'rballard@ntia.gov'}], 'service_url': 'https://github.com/NTIA', 'account': 'Github', 'status': 'published', 'short_description': 'Code produced by NTIA including OSM and ITS', 'long_description': 'The National Telecommunications and Information Administration Institute for Telecommunication Sciences and Office of Spectrum Management develop and open source through this repository software implementations of radio wave propagation models, tools for collecting and classifying radio frequency data, tools for objectively assessing the quality of telecommunications transmissions, and a limited number of relevant datasets.', 'tags': ['Open data', 'data', 'open source', 'code']}]}"
/US FEDERAL GOVERNMENT/[digitalregistry] Office of Management and Budget (2100),[digitalregistry] Office of Management and Budget (2100),"{'id': 2100, 'name': 'Office of Management and Budget', 'url': 'https://omb.gov', 'abbreviation': 'OMB', 'domain': 'omb.gov', 'cfo_act_agency': False, 'digital_service_accounts': [{'name': 'Performance.gov', 'contacts': [{'email': 'catie.miller@gsa.gov'}], 'service_url': 'https://www.linkedin.com/company/performance-gov/', 'account': 'Linkedin', 'status': 'published', 'short_description': 'Performance.gov LinkedIn', 'long_description': ""Performance.gov is the federal window into performance and is the home of the President's Management Agenda. Administered by GSA with contributions from OMB and other agencies. "", 'tags': []}]}"
/US FEDERAL GOVERNMENT/[digitalregistry] USMC (2241),[digitalregistry] USMC (2241),"{'id': 2241, 'name': 'USMC', 'url': 'https://www.marines.mil/', 'abbreviation': 'USMC', 'domain': 'usmc.mil', 'digital_analytics_path': '', 'mission_statement': '', 'cfo_act_agency': False, 'digital_service_accounts': [{'name': 'Marine Rotational Force-Darwin', 'contacts': [{'email': 'scott.smolinski@usmc.mil'}], 'service_url': 'https://www.facebook.com/MRFDarwin', 'account': 'Facebook', 'status': 'published', 'short_description': 'MRF-D', 'long_description': '', 'tags': []}]}"
